outcome,margin,paired
unsuccessful,0.8979167318972292,0
unsuccessful,-0.2436081424416267,0
successfullyCompleted,6.468558687685493,0
successfullyCompleted,8.174387540277184,0
successfullyCompleted,-0.49959791196078057,0
successfullyCompleted,15.652931717684343,0
successfullyCompleted,4.729971628131158,0
successfullyCompleted,2.071554785566773,0
successfullyCompleted,-0.34583007057628634,0
successfullyCompleted,0.5157788130284149,0
unsuccessful,0.8952940440364923,0
unsuccessful,2.4516943801651108,0
successfullyCompleted,1.2692516866394783,0
successfullyCompleted,0.5856532862265555,0
successfullyCompleted,0.00422419949163777,1
successfullyCompleted,0.1681604546015577,0
successfullyCompleted,0.4460611276005736,0
successfullyCompleted,0.9267700730969162,0
successfullyCompleted,1.6772135810071869,0
unsuccessful,3.7359005506270506,0
unsuccessful,0.48346167524853745,0
successfullyCompleted,3.322563004408508,0
successfullyCompleted,-0.08399629378492995,0
successfullyCompleted,0.9968290738447714,0
successfullyCompleted,4.466769689301095,0
successfullyCompleted,0.2924482991171832,0
successfullyCompleted,6.073903213743,0
successfullyCompleted,0.6369802755163356,0
successfullyCompleted,13.176097238510199,0
successfullyCompleted,4.36615399463829,0
successfullyCompleted,7.133328209957197,0
successfullyCompleted,6.517751866915772,0
successfullyCompleted,7.201039225810482,0
successfullyCompleted,10.000590467544377,0
successfullyCompleted,0.5082196166008861,0
successfullyCompleted,7.54316475494613,0
successfullyCompleted,1.5938114377156203,0
unsuccessful,1.1229675424772125,0
successfullyCompleted,0.7861861203148066,0
successfullyCompleted,0.7690554667349712,0
successfullyCompleted,2.8798525193446944,0
successfullyCompleted,6.437043893093416,0
successfullyCompleted,0.8132018902805687,0
successfullyCompleted,1.1560491130574693,0
successfullyCompleted,3.3658760192832737,0
successfullyCompleted,4.9508317335440175,0
successfullyCompleted,9.199201043053279,0
successfullyCompleted,7.44713809113024,0
successfullyCompleted,3.671954722673691,0
successfullyCompleted,8.391222582985407,0
successfullyCompleted,2.0599780578802394,0
successfullyCompleted,2.7131137897419815,0
successfullyCompleted,1.197145890929341,0
successfullyCompleted,1.3966285137681258,0
successfullyCompleted,6.66115242565163,0
successfullyCompleted,2.2430670570101214,0
successfullyCompleted,3.1966641980910837,0
successfullyCompleted,1.1654429119845175,0
successfullyCompleted,0.7285904391101214,0
unsuccessful,0.036740055482077594,1
unsuccessful,-0.21778096473088043,0
successfullyCompleted,0.4578353633610095,0
successfullyCompleted,0.7210488950900356,0
unsuccessful,0.29013245013209654,0
successfullyCompleted,0.1636763296265603,0
successfullyCompleted,0.2050985109855451,0
successfullyCompleted,-0.07129325804950976,1
successfullyCompleted,-0.4960856168942699,0
unsuccessful,3.163598824598174,0
unsuccessful,0.39943422432936004,0
successfullyCompleted,-0.3549068181681304,0
successfullyCompleted,2.5381749587671267,0
successfullyCompleted,2.4134348755461237,0
successfullyCompleted,9.75267244647432,0
successfullyCompleted,0.6546875964906016,0
successfullyCompleted,0.37958654329527497,0
successfullyCompleted,5.024382526640008,0
successfullyCompleted,-0.3109182594733868,0
successfullyCompleted,5.430008921600509,0
successfullyCompleted,7.700930804102015,0
successfullyCompleted,0.8369758257520135,0
successfullyCompleted,4.353721149367831,0
successfullyCompleted,6.368041833500248,0
successfullyCompleted,7.5792780581926,0
successfullyCompleted,6.779870192869273,0
successfullyCompleted,-0.018338558520205717,1
successfullyCompleted,0.13535284688498816,1
successfullyCompleted,11.350151826248057,0
successfullyCompleted,9.973911722484502,0
successfullyCompleted,6.628761760633259,0
successfullyCompleted,12.433510504186655,0
successfullyCompleted,11.253756928507318,0
successfullyCompleted,-0.21283284887716752,0
successfullyCompleted,9.371520673902463,0
successfullyCompleted,11.460016562759778,0
successfullyCompleted,0.1107636628412283,0
successfullyCompleted,9.784546545710032,0
successfullyCompleted,9.647590808222459,0
successfullyCompleted,4.436233189337594,0
successfullyCompleted,2.477414979886061,0
successfullyCompleted,0.6881940387121726,0
unsuccessful,2.3010817328058084,0
unsuccessful,9.164115184108892,0
successfullyCompleted,7.438648314865241,0
successfullyCompleted,0.7980756014304229,0
successfullyCompleted,-0.4200390438518668,0
successfullyCompleted,4.495448584844631,0
successfullyCompleted,1.3544092440207893,0
successfullyCompleted,1.845699480175786,0
successfullyCompleted,0.8096942984630773,0
unsuccessful,-0.22354399675592435,0
successfullyCompleted,0.8374684896318205,0
successfullyCompleted,9.450789942187152,0
successfullyCompleted,14.609245207368547,0
successfullyCompleted,11.626263829472606,0
successfullyCompleted,0.76321777366206,0
successfullyCompleted,5.684916743802902,0
successfullyCompleted,2.554078557831276,0
successfullyCompleted,-0.46985283765338215,0
successfullyCompleted,-0.2418198837195245,0
successfullyCompleted,5.591634402061493,0
unsuccessful,4.454047946792167,0
successfullyCompleted,5.419088382123803,0
successfullyCompleted,-0.036531280103594854,0
successfullyCompleted,2.372868500487014,0
successfullyCompleted,-0.46085338683143534,0
unsuccessful,1.2790063563098246,0
unsuccessful,0.818508061486507,0
unsuccessful,0.25967305523745143,0
successfullyCompleted,5.568624498446635,0
unsuccessful,2.2714140940553516,0
successfullyCompleted,3.5822173566091724,0
successfullyCompleted,0.910948027877678,0
successfullyCompleted,11.678211406304396,0
successfullyCompleted,22.605541849651008,0
successfullyCompleted,8.042581758629826,0
successfullyCompleted,1.5733922074026396,0
successfullyCompleted,1.102711983088965,0
successfullyCompleted,13.77911252112915,0
successfullyCompleted,17.493732093972213,0
unsuccessful,3.1634907754056947,0
unsuccessful,1.1304603219801277,0
successfullyCompleted,9.703038437265116,0
successfullyCompleted,12.357400427640219,0
successfullyCompleted,3.8597001787530525,0
successfullyCompleted,1.8069863797527672,0
unsuccessful,4.994770290447677,0
successfullyCompleted,2.8676492407501697,0
unsuccessful,0.3804931025741689,0
successfullyCompleted,10.229031443195883,0
successfullyCompleted,0.6239558183854763,0
successfullyCompleted,0.6388592021350255,0
successfullyCompleted,10.070733457258457,0
successfullyCompleted,3.718068031901968,0
successfullyCompleted,-0.35440194256041857,0
successfullyCompleted,0.24773428700360456,0
successfullyCompleted,5.492134374255591,0
unsuccessful,3.6272933623264514,0
successfullyCompleted,0.05741001701499693,0
successfullyCompleted,1.9481215923442443,0
successfullyCompleted,-0.18489621025372127,0
successfullyCompleted,0.26585033490326526,0
unsuccessful,6.943474230215053,0
successfullyCompleted,0.4007948270480888,0
successfullyCompleted,-0.06677153465066793,0
successfullyCompleted,2.8725059832724584,0
successfullyCompleted,4.2791685193109945,0
successfullyCompleted,-0.2959882391933988,0
successfullyCompleted,0.5861447080448892,0
successfullyCompleted,2.252009531513226,0
successfullyCompleted,1.203915880198219,0
successfullyCompleted,3.9306550475815696,0
successfullyCompleted,11.066719135524199,0
successfullyCompleted,7.799652842645097,0
successfullyCompleted,1.743105939133696,0
successfullyCompleted,0.20112425760014618,0
unsuccessful,2.843486297562321,0
unsuccessful,10.195196097111314,0
successfullyCompleted,-0.10660951524097162,0
unsuccessful,3.4241955682386824,0
unsuccessful,2.2427370086884904,0
successfullyCompleted,-0.46221990377290956,0
unsuccessful,2.574833166884648,0
successfullyCompleted,-0.2043906139576353,0
unsuccessful,3.6348387472500745,0
successfullyCompleted,0.09263124211192808,1
successfullyCompleted,2.8893413336968945,0
unsuccessful,3.319974748817721,0
successfullyCompleted,-0.05813299456388177,1
successfullyCompleted,1.0210851105933183,0
successfullyCompleted,4.569876554724338,0
successfullyCompleted,4.950109317435797,0
successfullyCompleted,6.126794477428942,0
successfullyCompleted,0.03625279820131089,0
successfullyCompleted,9.584666935909596,0
successfullyCompleted,0.05819480313005554,0
successfullyCompleted,7.630884894851077,0
successfullyCompleted,6.617555508552901,0
successfullyCompleted,4.868398940157903,0
successfullyCompleted,1.702384123335932,0
successfullyCompleted,5.094729619605146,0
successfullyCompleted,2.5754885738284714,0
successfullyCompleted,7.476998242648121,0
successfullyCompleted,4.057301201307467,0
successfullyCompleted,3.777749968995658,0
successfullyCompleted,5.0856499211462,0
successfullyCompleted,1.1044302294916915,0
successfullyCompleted,2.1591918543722026,1
unsuccessful,0.5226915732167288,0
successfullyCompleted,0.5209600409919786,0
unsuccessful,4.980009115726668,0
successfullyCompleted,14.619253655013006,0
unsuccessful,2.361169077021387,0
successfullyCompleted,-0.4659653273687099,0
unsuccessful,-0.28408653814147555,0
unsuccessful,-0.2745298626793647,0
unsuccessful,2.7303855893372093,0
successfullyCompleted,9.280020165744444,0
successfullyCompleted,5.887137024824688,0
successfullyCompleted,3.110887037227584,0
successfullyCompleted,5.869566010961573,0
successfullyCompleted,2.700960023937376,0
successfullyCompleted,4.342200871545556,0
successfullyCompleted,4.082793826075898,0
unsuccessful,1.2328786140122954,0
unsuccessful,-0.04528469277429248,1
unsuccessful,0.19545039743227044,0
successfullyCompleted,3.023522178114672,0
unsuccessful,0.12431595161440079,0
successfullyCompleted,-0.2599688039199353,0
successfullyCompleted,0.01219503252840981,0
successfullyCompleted,11.114137654652948,0
unsuccessful,14.5331716370248,0
successfullyCompleted,1.1521789188071327,0
unsuccessful,1.3471860957060204,0
unsuccessful,0.1624782418523989,0
unsuccessful,0.9507971799384947,0
successfullyCompleted,0.10830540000276467,0
successfullyCompleted,0.05896134180590462,1
successfullyCompleted,0.3285085623239826,0
unsuccessful,2.500416113287469,0
successfullyCompleted,0.9722096113773275,0
unsuccessful,-0.10324460364310273,0
successfullyCompleted,1.7215584372432007,0
successfullyCompleted,2.54945485599385,0
successfullyCompleted,0.8713142281226629,0
successfullyCompleted,6.666763695448551,0
successfullyCompleted,-0.38020455288667615,0
successfullyCompleted,9.564696454824176,0
successfullyCompleted,5.407707277101089,0
successfullyCompleted,1.0236009119189389,0
unsuccessful,15.714295719483587,0
successfullyCompleted,0.820037054640518,0
successfullyCompleted,1.6758895300286731,0
successfullyCompleted,0.7376212919636584,0
unsuccessful,2.339205192697608,0
unsuccessful,2.6600624904611867,0
unsuccessful,-0.39778256236925746,0
successfullyCompleted,-0.03798077129870753,1
successfullyCompleted,2.7957536479546254,0
successfullyCompleted,5.646283929966656,0
successfullyCompleted,-0.19078136757607872,0
successfullyCompleted,0.946557155011611,0
successfullyCompleted,-0.4736637502294408,0
unsuccessful,1.727816176597397,0
successfullyCompleted,-0.42346721184011515,0
unsuccessful,-0.06437667047260703,0
successfullyCompleted,0.5400693902265212,0
unsuccessful,0.23366308085025578,0
successfullyCompleted,2.167757931657387,0
successfullyCompleted,9.022540256518495,0
successfullyCompleted,0.48972447791106954,0
successfullyCompleted,9.190271076968852,0
successfullyCompleted,12.96947888962391,0
successfullyCompleted,2.010926970660863,0
successfullyCompleted,0.9357456498970396,0
successfullyCompleted,5.089508469046031,0
successfullyCompleted,8.241081594980445,0
successfullyCompleted,0.3668247666300608,0
successfullyCompleted,3.0104026859628257,0
successfullyCompleted,0.9063309776741588,0
unsuccessful,0.47890143321584944,0
successfullyCompleted,-0.12769166500861906,0
unsuccessful,11.718812500214828,0
unsuccessful,-0.40532649279523614,0
successfullyCompleted,1.2723362382476602,0
unsuccessful,0.8190450569875372,0
successfullyCompleted,4.166476502131604,0
successfullyCompleted,3.1205954331298456,0
successfullyCompleted,3.214001184608233,0
successfullyCompleted,1.036362395044377,0
successfullyCompleted,1.2854327232915599,0
successfullyCompleted,3.9766334036284805,0
successfullyCompleted,10.200116561985629,0
successfullyCompleted,2.877513810983115,0
unsuccessful,0.8692156583985813,0
unsuccessful,0.8140003161152882,0
unsuccessful,0.5758802216577656,0
successfullyCompleted,-0.030658576738126053,1
successfullyCompleted,0.5657226335730965,0
unsuccessful,4.630054980323938,0
successfullyCompleted,0.6510868907127452,0
successfullyCompleted,-0.25059435915286893,0
successfullyCompleted,10.76454660997473,0
successfullyCompleted,14.995422131923636,0
unsuccessful,2.9614693020401615,0
successfullyCompleted,0.9452318802386985,0
successfullyCompleted,1.3573100210703504,0
successfullyCompleted,3.124927555037767,0
successfullyCompleted,0.08743530057218074,0
successfullyCompleted,6.615370401779079,0
successfullyCompleted,2.567564053333199,0
successfullyCompleted,1.6528117646366662,0
successfullyCompleted,0.960398632052373,0
successfullyCompleted,12.114802960075483,0
successfullyCompleted,3.6076149540033926,0
unsuccessful,13.908764182790595,0
successfullyCompleted,-0.43153062372326945,0
successfullyCompleted,-0.28659486679857116,0
successfullyCompleted,2.8533511863184904,0
successfullyCompleted,6.59761278705588,0
successfullyCompleted,14.782985505933596,0
successfullyCompleted,13.046752083919783,0
successfullyCompleted,9.56857208183979,0
successfullyCompleted,2.92052623138496,0
successfullyCompleted,2.174416053173394,0
successfullyCompleted,4.621160636659597,0
successfullyCompleted,-0.2684715036084149,0
successfullyCompleted,0.4156816742603039,0
successfullyCompleted,5.78391049528314,0
successfullyCompleted,10.927967763083059,0
unsuccessful,13.06513810906402,0
successfullyCompleted,0.12805010720706655,0
successfullyCompleted,6.917243667860692,0
unsuccessful,1.2385668606069462,0
unsuccessful,3.1308951515386045,0
successfullyCompleted,2.130968768025564,0
successfullyCompleted,3.333680587348813,0
unsuccessful,1.0899147371093811,0
successfullyCompleted,0.8913598551493529,0
successfullyCompleted,2.9908550228351256,0
successfullyCompleted,-0.10118125834252789,0
unsuccessful,5.648765167478283,0
unsuccessful,2.0197292240310865,0
successfullyCompleted,0.26986468818927534,0
successfullyCompleted,-0.04336550823481827,1
successfullyCompleted,6.211259432761362,0
successfullyCompleted,-0.47507957022729025,0
unsuccessful,2.6678906276894296,0
successfullyCompleted,1.1723436554347628,0
successfullyCompleted,3.98812636888567,0
successfullyCompleted,0.24365584524025852,0
successfullyCompleted,3.3084863350861196,0
successfullyCompleted,4.247940925149292,0
successfullyCompleted,2.7842181591485895,0
successfullyCompleted,0.6579497982979952,0
successfullyCompleted,-0.34454916671042163,0
successfullyCompleted,2.0468606091429224,0
unsuccessful,0.6985005154903854,0
successfullyCompleted,0.9317825059738709,0
unsuccessful,-0.005391218213740834,1
unsuccessful,2.1474148162598983,0
successfullyCompleted,0.4750018286192198,0
successfullyCompleted,0.7207732070017085,0
successfullyCompleted,0.13055851627632675,0
successfullyCompleted,2.39526836744882,0
successfullyCompleted,1.658345173197941,0
successfullyCompleted,1.4022358798998804,0
unsuccessful,0.06323132856100544,0
successfullyCompleted,0.1402791778225796,0
unsuccessful,2.415647387870384,0
unsuccessful,1.4766886084107917,0
successfullyCompleted,0.5095541878489898,0
successfullyCompleted,1.2040533189154299,0
successfullyCompleted,1.6864308009748123,0
successfullyCompleted,3.967943383892555,0
successfullyCompleted,11.723701841222653,0
successfullyCompleted,1.0300327956356392,0
successfullyCompleted,0.14677776924411157,0
successfullyCompleted,0.6000595279945706,0
successfullyCompleted,-0.30351722021944894,0
successfullyCompleted,1.939717330762968,0
unsuccessful,2.0904622673585784,0
successfullyCompleted,7.830781255838227,0
successfullyCompleted,3.967986381708129,0
unsuccessful,2.9880366132809426,0
successfullyCompleted,1.9498731699202287,0
successfullyCompleted,0.2626831145189189,0
successfullyCompleted,5.519891603783593,0
successfullyCompleted,4.937831008558017,0
successfullyCompleted,0.13434079570974222,0
successfullyCompleted,0.6900415983864265,0
successfullyCompleted,6.382688076776554,0
successfullyCompleted,0.6080156642207721,0
successfullyCompleted,0.42569867556024565,0
unsuccessful,1.2659925259722258,0
unsuccessful,-0.21630165091140824,0
successfullyCompleted,0.9178413704277206,0
successfullyCompleted,3.7123621180577864,0
successfullyCompleted,3.4951666308552203,0
successfullyCompleted,14.064464081249247,0
successfullyCompleted,2.708612669029719,0
successfullyCompleted,2.6011125795514767,0
successfullyCompleted,2.003377528907396,0
unsuccessful,3.9177995096177796,0
successfullyCompleted,0.18068634282145069,0
unsuccessful,-0.1643091165293863,0
successfullyCompleted,0.11102568710537286,1
successfullyCompleted,0.8403356954894863,0
successfullyCompleted,2.356419795404746,0
successfullyCompleted,1.1800935534803958,0
successfullyCompleted,2.0948023776692954,0
successfullyCompleted,-0.08305348774565768,1
successfullyCompleted,0.09642006087362154,0
successfullyCompleted,3.096275672557433,0
unsuccessful,2.587100809557713,0
successfullyCompleted,0.5850058611314912,0
successfullyCompleted,0.6315923191831843,0
unsuccessful,2.5836962622547404,0
unsuccessful,4.738235294749003,0
unsuccessful,0.30908488779006993,0
unsuccessful,-0.43882510932252394,0
successfullyCompleted,0.40348730888657747,0
unsuccessful,-0.03603462196213342,0
successfullyCompleted,-0.4996697757615215,0
successfullyCompleted,0.9207104937801678,0
unsuccessful,1.4502465940313907,0
successfullyCompleted,1.5146605757020621,0
unsuccessful,-0.3540432643970364,0
successfullyCompleted,2.655655347617447,0
successfullyCompleted,0.9604010767360147,0
successfullyCompleted,0.7347065417096703,0
successfullyCompleted,0.997515738818016,0
successfullyCompleted,1.278903694938619,0
successfullyCompleted,1.0424811821878197,0
successfullyCompleted,4.505816888053739,0
successfullyCompleted,1.0605485364609493,0
successfullyCompleted,5.158792680316248,0
successfullyCompleted,-0.41724545653060596,0
successfullyCompleted,2.139185537213269,0
successfullyCompleted,-0.3579712012298151,0
successfullyCompleted,1.0155093617069608,0
successfullyCompleted,-0.375685529269394,0
successfullyCompleted,4.071312201360804,0
successfullyCompleted,3.2525278837091927,0
successfullyCompleted,1.3258426572816724,0
successfullyCompleted,-0.3524698870655531,0
successfullyCompleted,-0.455614636279322,0
unsuccessful,1.4338294553312758,0
successfullyCompleted,0.783159822195034,0
successfullyCompleted,-0.24228672417243446,1
unsuccessful,5.645933978102606,0
unsuccessful,2.6865038046128182,0
successfullyCompleted,1.4088211346095734,0
unsuccessful,2.09613461940153,0
successfullyCompleted,6.304483872460046,0
successfullyCompleted,1.5902152285111564,0
successfullyCompleted,2.799679494623372,0
successfullyCompleted,4.253457977155245,0
successfullyCompleted,1.415875301935123,0
successfullyCompleted,0.605766601278203,0
successfullyCompleted,0.4562007954207552,0
successfullyCompleted,1.3499660035902157,0
successfullyCompleted,0.5565616231542854,0
successfullyCompleted,1.5801873471262216,0
successfullyCompleted,-0.08978804140011948,0
successfullyCompleted,4.539890946010715,0
successfullyCompleted,3.0554356962448574,0
unsuccessful,0.13350968823234644,0
successfullyCompleted,7.190876368762695,0
unsuccessful,1.5320947174646529,0
unsuccessful,2.1684089982265604,0
successfullyCompleted,0.43052854980872857,0
successfullyCompleted,1.2830269381728885,0
successfullyCompleted,6.736580422600799,0
successfullyCompleted,1.0332202699935529,0
successfullyCompleted,10.134725997292188,0
successfullyCompleted,0.6896295283382052,0
successfullyCompleted,2.567872330608199,0
successfullyCompleted,10.802272368177933,0
unsuccessful,0.05145569014301432,0
successfullyCompleted,3.1832110987835445,0
successfullyCompleted,0.08191898958030086,0
successfullyCompleted,2.364055250730639,0
successfullyCompleted,-0.3604510093780806,0
successfullyCompleted,1.9705959372411135,0
unsuccessful,0.5662365839182459,0
successfullyCompleted,1.6429414726522111,0
unsuccessful,6.277714057414435,0
unsuccessful,7.9813260996137885,0
unsuccessful,2.1582350266850625,0
successfullyCompleted,3.108558689407174,0
successfullyCompleted,5.228682544123026,0
successfullyCompleted,3.0416945144649064,0
successfullyCompleted,7.649460961284754,0
successfullyCompleted,1.1499379256853348,0
successfullyCompleted,7.0976816863327565,0
successfullyCompleted,2.5150575751175444,0
successfullyCompleted,0.818530200704114,0
successfullyCompleted,-0.49363525648567497,0
unsuccessful,4.370010220029324,0
successfullyCompleted,3.9810106175630064,0
successfullyCompleted,0.30774639959010774,0
successfullyCompleted,4.383643307131539,0
unsuccessful,2.001362142408485,0
successfullyCompleted,0.06487591008608462,1
successfullyCompleted,-0.4445791584193891,0
successfullyCompleted,5.0340481948842175,0
successfullyCompleted,1.0286000379022018,0
successfullyCompleted,3.27105119382694,0
successfullyCompleted,3.533967661911962,0
successfullyCompleted,2.9269289544752786,0
successfullyCompleted,1.5519745166824759,0
successfullyCompleted,0.3521531228336511,0
unsuccessful,1.6744194515254471,0
unsuccessful,-0.3590140088158279,0
successfullyCompleted,0.8167762071604143,0
unsuccessful,2.5687607573063933,0
unsuccessful,6.262029516137867,0
successfullyCompleted,7.0974340978628225,0
successfullyCompleted,0.5636765926896898,0
successfullyCompleted,0.6676051685092519,0
unsuccessful,2.0900001525878906,0
successfullyCompleted,0.6277455787392818,0
successfullyCompleted,0.03443267653613702,1
unsuccessful,0.21857280521468314,0
successfullyCompleted,0.9989501254760369,0
successfullyCompleted,1.4222187201397447,0
unsuccessful,-0.17944635346447063,0
successfullyCompleted,0.9917330092333183,0
successfullyCompleted,3.01882034392714,0
successfullyCompleted,7.632516192168156,0
unsuccessful,1.474126100607352,0
successfullyCompleted,3.5163727641221545,0
successfullyCompleted,10.809829433075114,0
successfullyCompleted,4.9224214618545385,0
unsuccessful,9.207441174851862,0
successfullyCompleted,0.937768793925366,0
successfullyCompleted,2.7453034186328598,0
successfullyCompleted,0.47088128451848,0
successfullyCompleted,0.24402416496630963,0
successfullyCompleted,1.1835288715171397,0
unsuccessful,2.9908409801498306,0
unsuccessful,2.036460910347112,0
unsuccessful,1.4028669515217,0
successfullyCompleted,0.595821696779671,0
successfullyCompleted,2.670801132625227,0
successfullyCompleted,9.206600558669132,0
successfullyCompleted,0.7101036898859718,0
successfullyCompleted,5.923979352939195,0
successfullyCompleted,8.422611640983664,0
successfullyCompleted,7.6617521368129875,0
unsuccessful,1.0366689068368409,0
successfullyCompleted,3.1682417852569476,0
successfullyCompleted,3.045605986618032,0
successfullyCompleted,1.5704473999375512,0
successfullyCompleted,-0.29086038072679066,0
unsuccessful,0.41744520532273743,0
successfullyCompleted,1.1196597629759268,0
successfullyCompleted,0.09975838230821232,0
successfullyCompleted,1.9882780874617891,0
successfullyCompleted,0.9987226422847457,0
successfullyCompleted,5.0150128879961215,0
successfullyCompleted,20.318731517426645,0
successfullyCompleted,19.120213356846403,0
successfullyCompleted,2.1381687166614487,0
successfullyCompleted,1.6496647456734488,0
unsuccessful,-0.4134814869160055,0
unsuccessful,0.5517190566356085,0
unsuccessful,1.146753159587614,0
successfullyCompleted,-0.13317025863233967,0
successfullyCompleted,6.063184358034065,0
unsuccessful,1.3433835986633231,0
unsuccessful,-0.06021035911994571,0
successfullyCompleted,-0.18096113178208412,0
successfullyCompleted,-0.40909768686896564,0
successfullyCompleted,1.1317477822070534,0
successfullyCompleted,1.5072868843980851,0
successfullyCompleted,3.4510251627560065,0
successfullyCompleted,2.7845352980872047,0
successfullyCompleted,5.5310449434415165,0
successfullyCompleted,1.3070734979516354,0
unsuccessful,4.141003853959216,0
successfullyCompleted,1.7241330693285746,0
successfullyCompleted,3.654635992688519,0
successfullyCompleted,1.6367064273483969,0
successfullyCompleted,0.22550045288619536,0
successfullyCompleted,4.963736281095003,0
successfullyCompleted,0.462855612643964,0
successfullyCompleted,-0.34270997152878513,0
successfullyCompleted,1.5660131358004317,0
successfullyCompleted,3.867115658169544,0
successfullyCompleted,0.8595952117398296,0
unsuccessful,1.7539968620082709,0
successfullyCompleted,8.171835940436553,0
successfullyCompleted,0.41579841728479805,0
successfullyCompleted,0.6997646285829171,0
successfullyCompleted,3.7685944492936274,0
successfullyCompleted,5.084692529755798,0
successfullyCompleted,2.7541950748865456,0
successfullyCompleted,0.9864361528326429,0
unsuccessful,2.847525474080841,0
successfullyCompleted,1.5762214778664814,0
successfullyCompleted,5.937242724118415,0
successfullyCompleted,0.6275184633229371,0
successfullyCompleted,3.4809681712588136,0
successfullyCompleted,4.564349428100719,0
unsuccessful,2.0023923353969915,0
successfullyCompleted,0.8312405285763256,0
successfullyCompleted,-0.0700179133724178,0
unsuccessful,1.798890976889767,0
unsuccessful,-0.4682522507864003,0
successfullyCompleted,1.8018476743835228,0
unsuccessful,2.0844118497976956,0
successfullyCompleted,1.5259912262615827,0
successfullyCompleted,1.1907040231080501,0
successfullyCompleted,1.2694446703404303,0
successfullyCompleted,-0.43324205331098387,0
successfullyCompleted,0.6026467236695061,0
successfullyCompleted,-0.11106126428851582,0
successfullyCompleted,0.0799268040559582,0
unsuccessful,-0.3799171793306611,0
successfullyCompleted,7.452486088049784,0
successfullyCompleted,0.08264416531071184,0
successfullyCompleted,0.12880315867480663,0
successfullyCompleted,0.3240461625834644,0
successfullyCompleted,2.15193389125253,0
unsuccessful,1.9713387861330176,0
successfullyCompleted,0.9474377950568507,0
successfullyCompleted,-0.40901918346839894,0
successfullyCompleted,5.6418562443467675,0
successfullyCompleted,0.3424711314005541,0
successfullyCompleted,0.5020809668918393,0
unsuccessful,0.3157000904178823,0
successfullyCompleted,-0.24297244875722918,0
unsuccessful,0.1279528906888503,0
successfullyCompleted,2.714322205152541,0
successfullyCompleted,1.3919626082180427,0
successfullyCompleted,-0.25898554075080504,0
successfullyCompleted,1.0896918348083973,0
successfullyCompleted,3.3762560654220173,0
successfullyCompleted,1.161287106960107,0
unsuccessful,13.016233025747342,0
unsuccessful,-0.18033329015881655,0
successfullyCompleted,3.0136450529218854,0
successfullyCompleted,1.2315713798122965,0
unsuccessful,3.366489012986092,0
successfullyCompleted,-0.2042889870849311,0
unsuccessful,0.5406244774437403,0
successfullyCompleted,3.4714004727566024,0
unsuccessful,2.0365230791764337,0
successfullyCompleted,1.659349823337997,0
unsuccessful,-0.33038546843271205,0
unsuccessful,0.49890131015607353,0
successfullyCompleted,0.6893578889518275,0
successfullyCompleted,6.7381421773816434,0
unsuccessful,1.0255489909591966,1
successfullyCompleted,-0.3533256528987169,1
successfullyCompleted,1.9404232533212125,0
successfullyCompleted,0.8977840359666103,0
unsuccessful,1.943398643653024,0
unsuccessful,0.7753207534459676,0
unsuccessful,-0.045032067641997076,0
unsuccessful,0.3457238304088135,0
unsuccessful,0.9652019912817911,0
unsuccessful,1.2788132257052867,0
successfullyCompleted,0.5436528613852172,0
successfullyCompleted,-0.022724190818059153,1
successfullyCompleted,2.011991561840083,0
successfullyCompleted,7.764273382715956,0
successfullyCompleted,-0.3865519725175991,0
successfullyCompleted,9.796703820398989,0
successfullyCompleted,1.0054078353640086,0
successfullyCompleted,17.95766908494093,0
successfullyCompleted,0.39385590499173695,0
successfullyCompleted,9.990686257609363,0
successfullyCompleted,4.849216198628416,0
successfullyCompleted,1.6253570536578965,0
successfullyCompleted,3.2403003913640225,0
successfullyCompleted,0.9028508466073126,0
successfullyCompleted,2.4853595716372867,0
successfullyCompleted,0.6715375246492901,0
successfullyCompleted,-0.44650963273838234,0
successfullyCompleted,1.0069572975038306,0
successfullyCompleted,2.794238414129787,0
successfullyCompleted,6.210588984329302,0
successfullyCompleted,5.5293656366591195,0
successfullyCompleted,6.563670553140568,0
unsuccessful,13.778851380514688,0
successfullyCompleted,1.11400118007008,0
successfullyCompleted,1.4573969963715578,0
unsuccessful,0.5751748869825266,0
successfullyCompleted,11.55759713237021,0
successfullyCompleted,10.170719389745864,0
successfullyCompleted,1.2030578427128968,0
successfullyCompleted,5.634793860587245,0
successfullyCompleted,7.701356395868908,0
successfullyCompleted,3.1877364452139596,0
successfullyCompleted,4.430729764893272,0
successfullyCompleted,2.848970358954334,0
unsuccessful,1.3334256731571341,0
unsuccessful,0.2785834693747705,0
successfullyCompleted,2.2331948954376832,0
successfullyCompleted,1.1888294948820735,0
successfullyCompleted,5.709750507598136,0
successfullyCompleted,9.300335912805782,0
successfullyCompleted,1.8931706077554513,0
successfullyCompleted,3.313951763985193,0
successfullyCompleted,-0.20716405273239624,0
unsuccessful,-0.4238370115395893,0
successfullyCompleted,0.4707112195119113,0
successfullyCompleted,1.1084101541396119,0
successfullyCompleted,0.37575769802731385,0
successfullyCompleted,-0.4072031556201794,0
successfullyCompleted,0.5373042664251519,0
successfullyCompleted,8.773303879651554,0
successfullyCompleted,2.376751984016939,0
successfullyCompleted,1.6398116603448507,0
unsuccessful,0.6230515605177516,0
unsuccessful,-0.43501270023252153,0
successfullyCompleted,0.12301481232783562,0
