seed,parent,t_star,min_margin_win,margin_slope,cost,max_slope,max_curv,trans_width,slope_asym,min_abs_logit,speed_conc,max_angle,hyper_dist,z_length,miss,abserr
11,454,0.832354,0.002618,-0.167563,0.843567,160.113037,717.035156,0.0,16.971281,51.388737,0.074014,0.094046,14.563423,23.373969,1,nan
11,454,0.832354,0.002618,-0.167564,0.843567,208.744873,478.005371,0.0,14.237315,9.858408,0.133577,0.031091,4.714224,34.159649,1,nan
11,365,0.801039,0.001694,-0.108422,0.710804,218.006836,776.507812,0.0,42.118457,32.899014,0.128797,0.032047,11.205342,45.704124,1,nan
11,365,0.801039,0.001694,-0.108423,0.710804,252.796143,1572.099609,0.0,98.702803,11.255226,0.121533,0.038937,4.803356,50.925005,1,nan
11,491,0.420919,0.000166,0.010612,0.244218,33.372803,89.351562,0.0,1.445881,62.768536,0.19581,0.009535,17.668981,8.713166,1,nan
11,491,0.420919,0.000166,0.010612,0.244218,37.897217,12.570312,0.0,0.212729,60.14777,0.187271,0.00488,17.02964,9.817201,1,nan
11,249,0.819529,0.002938,-0.188003,0.783624,150.939575,1056.638672,0.030769,50.148018,0.324422,0.109878,0.126503,1.508102,26.094873,0,0.090298
11,249,0.819529,0.002938,-0.188004,0.783624,152.064819,793.044922,0.015385,73.012595,6.54561,0.062255,1.804564,2.649092,26.947646,0,0.160179
11,330,0.365549,0.001414,-0.090481,0.222903,12.67765,0.008972,0.184615,0.058353,0.003505,0.248594,1.1e-05,0.220492,2.367431,0,0.071621
11,330,0.365549,0.001414,-0.090484,0.222903,17.834869,75.936066,0.123077,2.120836,0.025531,0.242511,0.024072,0.232386,3.300575,0,0.067173
11,424,0.842981,0.00054,0.034592,0.900663,147.758789,227.60791,0.046154,1.688597,4.530637,0.057284,0.112461,1.701607,16.915295,0,0.298416
11,424,0.842981,0.00054,0.034591,0.900663,140.580811,187.280273,0.030769,8.161854,4.102538,0.05784,0.105205,1.652303,16.858546,0,0.237522
11,141,0.853354,0.003193,0.204335,0.964368,209.487305,1184.0672,0.015385,57.081811,0.065124,0.086687,0.065892,0.736214,35.163828,0,0.040024
11,141,0.853354,0.003193,0.204334,0.964368,186.095459,1603.347656,0.015385,34.067226,0.217572,0.165687,0.042285,0.058337,36.338536,0,0.008038
11,347,0.652529,0.000188,0.012018,0.407001,117.062988,645.017578,0.030769,12.452079,14.281992,0.198167,0.017377,6.058119,25.560715,1,nan
11,347,0.652529,0.000188,0.012018,0.407001,141.423096,239.322266,0.030769,11.070616,9.25922,0.159232,0.009198,4.314208,26.673346,0,0.248741
11,460,0.873178,0.002253,0.144207,1.115105,291.65625,2197.217041,0.015385,37.285065,0.019153,0.050386,0.110686,0.835678,40.998049,0,0.091755
11,460,0.873178,0.002253,0.144206,1.115105,275.989014,810.996094,0.015385,16.367004,15.891047,0.001756,7.2e-05,4.292722,43.611109,0,0.24905
11,133,0.831984,0.00118,-0.075519,0.841714,219.074219,1319.229736,0.015385,114.06744,0.135188,0.080592,2.878477,0.976176,42.723713,0,0.049583
11,133,0.831984,0.00118,-0.075521,0.841714,242.738037,1043.507812,0.0,4.579167,11.979904,0.121601,0.032815,5.452831,38.620743,1,nan
11,192,0.276129,0.000495,0.03168,0.195368,10.091583,0.002563,0.2,9e-06,0.747506,0.246539,6e-06,0.4541,2.270341,0,0.172943
11,192,0.276129,0.000495,0.03168,0.195368,9.427887,0.007385,0.215385,2.9e-05,0.964361,0.236781,7e-06,0.495561,2.207764,0,0.20116
11,125,0.511168,0.001145,0.073311,0.289305,18.512115,187.649902,0.123077,6.685665,4.707924,0.258404,0.034693,1.678602,3.010713,0,0.375439
11,125,0.511168,0.001145,0.07331,0.289305,19.816582,334.601562,0.138462,10.904532,3.738429,0.274348,2.242638,1.410457,2.760408,0,0.347961
11,159,0.821524,0.001284,0.082195,0.79239,191.157227,340.982422,0.0,7.75769,19.563442,0.163737,0.020494,7.765521,41.752109,1,nan
11,159,0.821524,0.001284,0.082195,0.79239,197.567383,450.837891,0.0,17.01236,20.388571,0.151388,0.020479,7.666326,41.006784,1,nan
11,167,0.515837,6.3e-05,-0.004053,0.292095,52.702576,178.810913,0.076923,9.01345,0.024196,0.173382,0.029631,0.246257,8.982155,0,0.032001
11,167,0.515837,6.3e-05,-0.004049,0.292095,46.080811,70.951172,0.076923,2.643522,1.180817,0.186217,0.014978,1.083155,8.517759,0,0.135361
11,95,0.710596,0.003082,-0.197253,0.488662,97.772644,75.3125,0.030769,4.3432,5.285043,0.093307,0.036524,1.907133,13.695162,0,0.278088
11,95,0.710596,0.003082,-0.197253,0.488662,105.836792,222.110352,0.046154,9.462346,5.625829,0.081835,0.081803,2.013353,13.710074,0,0.278065
11,273,0.721552,8.3e-05,-0.005324,0.507893,65.797363,271.371094,0.0,12.761945,49.834026,0.217146,0.016086,14.835942,13.654295,1,nan
11,273,0.721552,8.3e-05,-0.005325,0.507893,55.824219,49.085938,0.0,0.685737,61.355991,0.200147,0.012599,17.3241,9.625136,1,nan
11,240,0.265764,1.7e-05,-0.001114,0.19261,27.339722,32.886719,0.0,0.204841,20.077894,0.234609,0.010941,5.97605,5.193292,1,nan
11,240,0.265764,1.7e-05,-0.001113,0.19261,26.940918,137.679688,0.0,2.053531,20.372805,0.256549,0.011886,6.106174,5.040929,1,nan
11,388,0.849726,0.005436,-0.347902,0.941091,156.879883,294.942139,0.061538,3.616642,0.109393,0.083493,0.058064,0.029331,23.784373,0,0.009148
11,388,0.849726,0.005436,-0.347906,0.941091,147.432617,588.635254,0.046154,15.090603,0.662531,0.09883,0.078691,1.492293,25.31126,0,0.113598
11,468,0.863398,0.005062,-0.323966,1.035269,172.746338,3751.402344,0.0,122.824455,5.362925,0.151819,0.216606,2.279458,30.649527,1,nan
11,468,0.863398,0.005062,-0.323966,1.035269,156.632324,2341.593384,0.015385,4.104925,0.762556,0.204887,0.080827,2.162817,34.30417,0,0.047745
11,275,0.285688,0.000707,-0.04523,0.197983,26.536194,239.28125,0.0,6.979388,37.100731,0.184577,0.015063,10.513839,6.170677,1,nan
11,275,0.285688,0.000707,-0.045229,0.197983,34.867432,3.238281,0.0,0.100716,33.28019,0.19182,0.000565,9.647488,8.375164,1,nan
11,282,0.873869,0.000322,0.020603,1.12123,275.194824,711.107422,0.030769,24.264958,0.021249,0.091257,0.023787,1.716169,50.217648,0,0.078941
11,282,0.873869,0.000322,0.020604,1.12123,218.780762,1093.988281,0.0,40.042809,10.053885,0.147733,0.024875,5.788104,47.319489,1,nan
11,464,0.823561,0.003134,0.200557,0.801536,115.471436,562.539307,0.046154,9.868695,2.752413,0.041335,0.124328,1.009563,16.078731,0,0.16404
11,464,0.823561,0.003134,0.200558,0.801536,152.01416,475.841797,0.030769,14.744195,7.294092,0.080646,0.162909,2.697329,18.093148,0,0.253548
11,103,0.82258,0.002252,0.144104,0.797096,157.157715,687.218079,0.076923,18.107537,0.855645,0.102869,0.108449,1.374236,27.599124,0,0.134247
11,103,0.82258,0.002252,0.144104,0.797096,140.418945,527.725708,0.015385,5.308317,2.573899,0.142943,0.037103,2.393997,28.315446,0,0.129967
11,315,0.634188,0.002632,0.168468,0.386595,27.752533,0.00972,0.215385,1.3e-05,0.055527,0.110303,1.1e-05,0.051176,4.359984,0,0.028473
11,315,0.634188,0.002632,0.168462,0.386595,30.121811,0.006348,0.338462,4e-06,0.352321,0.092635,1e-05,0.230319,3.896135,0,0.138889
11,158,0.909536,0.002715,-0.173732,1.563288,430.786621,3833.939453,0.015385,150.515746,0.498577,0.120155,0.077129,3.487065,97.083446,0,0.064369
11,158,0.909536,0.002715,-0.173732,1.563288,548.561035,3013.464905,0.030769,61.209976,0.287085,0.016013,1.184905,1.120292,98.201617,0,0.099548
11,403,0.817427,0.003749,-0.239932,0.774595,90.833008,402.378906,0.0,0.816051,37.953899,0.050343,0.460989,10.515377,12.576385,1,nan
11,403,0.817427,0.003749,-0.239934,0.774595,126.602539,352.864746,0.0,26.188552,6.071125,0.116295,0.105987,2.579179,21.39756,1,nan
11,134,0.505102,0.000903,-0.057792,0.285758,22.154877,36.398926,0.123077,0.617759,2.881773,0.221621,0.005358,1.03294,2.545509,0,0.36076
11,134,0.505102,0.000903,-0.057792,0.285758,16.397446,0.005859,0.507692,9e-06,0.117347,0.160513,4.3e-05,0.122429,1.273909,0,0.131283
11,195,0.837648,0.000356,0.022782,1.742156,437.194336,3890.495361,0.030769,198.341012,0.481494,0.115414,0.126224,1.728635,87.818529,0,0.045673
11,195,0.837648,0.000356,0.022781,1.742156,446.601074,4180.022949,0.015385,233.024023,0.317171,0.170086,0.091457,2.507464,89.456208,0,0.038544
11,327,0.800657,0.002639,-0.168907,0.709443,96.237915,237.464844,0.015385,8.438159,9.099434,0.151339,0.025505,3.842724,20.070506,1,nan
11,327,0.800657,0.002639,-0.168907,0.709443,96.258545,206.422363,0.061538,6.049499,3.221178,0.180612,0.020547,2.545854,20.634743,0,0.160927
11,178,0.892431,0.000112,-0.007138,1.314708,194.830566,773.025635,0.015385,25.70491,0.718675,0.187609,0.025199,3.784012,44.204318,0,0.097771
11,178,0.892431,0.000112,-0.007138,1.314708,246.342041,1184.460938,0.0,72.803117,13.363163,0.245757,0.036269,7.551884,40.775569,1,nan
11,73,0.419104,0.000344,0.022032,0.243453,23.063171,270.417969,0.092308,10.474577,0.175227,0.258021,0.117391,0.587525,3.756534,0,0.099129
11,73,0.419104,0.000344,0.022032,0.243453,24.981873,224.595947,0.092308,9.775043,0.200434,0.278247,0.089456,0.605647,3.697746,0,0.100109
11,309,0.362253,0.000459,-0.029399,0.221752,15.557755,105.968262,0.0,1.840961,6.007531,0.247945,0.00365,1.772799,1.465207,1,nan
11,309,0.362253,0.000459,-0.0294,0.221752,19.099503,9.300293,0.0,0.792284,5.874436,0.260985,0.003548,1.724517,1.299683,1,nan
11,336,0.503538,0.00078,-0.04995,0.284859,19.090332,105.067871,0.2,4.036459,0.033392,0.213191,0.081899,0.317417,3.526699,0,0.093384
11,336,0.503538,0.00078,-0.049949,0.284859,18.55925,108.837219,0.153846,4.143375,0.089442,0.201921,0.078242,0.187036,4.040193,0,0.051857
11,204,0.791689,0.00229,0.146543,0.678895,142.876587,527.862305,0.015385,38.827745,1.383324,0.093031,0.050487,1.740933,27.254414,0,0.10722
11,204,0.791689,0.00229,0.146544,0.678895,141.786194,670.419922,0.030769,33.238839,0.241692,0.099937,0.051338,0.879632,26.617106,0,0.060856
11,439,0.835085,0.000816,-0.052236,0.857546,216.833984,723.612061,0.030769,74.061066,0.265571,0.155442,0.026523,2.875651,46.558132,0,0.090214
11,439,0.835085,0.000816,-0.052236,0.857546,174.955078,1052.0625,0.0,9.267328,22.800547,0.192488,0.015447,10.043297,42.061633,1,nan
11,422,0.367247,0.000933,0.059709,0.223502,30.029251,110.585938,0.076923,0.300721,5.629243,0.243433,0.004887,2.062929,6.108293,0,0.303123
11,422,0.367247,0.000933,0.059709,0.223502,35.904053,114.592773,0.092308,4.848171,2.766704,0.234472,0.030849,1.33779,6.905798,0,0.205006
11,44,0.574957,0.000663,0.042402,0.332723,56.091187,21.158203,0.0,0.978667,14.904215,0.163246,0.012154,4.727431,10.012683,1,nan
11,44,0.574957,0.000663,0.0424,0.332723,68.607544,181.009766,0.046154,7.582136,9.408346,0.15529,0.028403,3.257753,11.587357,1,nan
11,441,0.884436,0.007448,0.476678,1.223763,279.643799,2104.009766,0.030769,34.39937,6.48085,0.017525,1.461807,2.017671,47.537721,0,0.187115
11,441,0.884436,0.007448,0.476677,1.223763,359.620605,306.191895,0.030769,6.096045,6.810152,0.00275,2.188857,1.838957,47.270955,0,0.234703
11,57,0.790575,0.004213,0.269652,0.67528,69.90271,361.652344,0.046154,13.101646,8.20509,0.050445,1.001273,2.382835,7.489145,0,0.402817
11,57,0.790575,0.004213,0.269651,0.67528,73.912598,720.880859,0.046154,24.57933,9.307848,0.119682,1.527543,3.071521,8.683862,0,0.40493
11,379,0.770994,0.002493,-0.159564,0.617547,42.345825,418.372559,0.2,7.429746,0.671738,0.078886,0.376846,0.330774,6.315683,0,0.177078
11,379,0.770994,0.002493,-0.159564,0.617547,51.515442,835.54834,0.076923,35.095144,6.545573,0.092283,1.167724,2.368803,9.488042,0,0.319473
11,40,0.759729,0.000186,0.011919,0.588588,123.950684,269.089844,0.0,14.397987,46.29047,0.180183,0.017546,14.518483,27.481564,1,nan
11,40,0.759729,0.000186,0.011919,0.588588,127.702393,935.867188,0.0,24.044916,47.252926,0.174244,0.026266,14.500765,26.38821,1,nan
11,72,0.857515,0.001168,0.07478,0.992549,260.929688,941.663574,0.015385,35.174798,3.018502,0.107814,0.042218,2.677238,45.357621,1,nan
11,72,0.857515,0.001168,0.074779,0.992549,252.063477,1218.487061,0.015385,17.313478,0.215426,0.115214,0.028098,2.345279,46.643428,0,0.093853
11,281,0.89187,0.001837,-0.117592,1.30789,185.010254,1470.303467,0.030769,1.630678,0.419978,0.150377,0.055427,1.770301,34.320975,0,0.054981
11,281,0.89187,0.001837,-0.117593,1.30789,171.832825,2031.892578,0.0,84.945031,1.183468,0.038994,0.200464,1.625695,34.913629,0,0.102627
11,284,0.82926,0.000912,-0.058349,0.828281,160.643066,623.918823,0.046154,34.186806,0.026566,0.059587,0.068109,0.938048,28.624066,0,0.078705
11,284,0.82926,0.000912,-0.058348,0.828281,210.155273,305.245117,0.076923,1.60044,0.810889,0.032402,0.160066,0.63701,28.395557,0,0.126411
11,459,0.820414,0.003844,0.245988,0.787476,131.532593,779.663574,0.015385,25.111551,6.90386,0.020982,0.090353,2.147608,22.061839,0,0.211609
11,459,0.820414,0.003844,0.245987,0.787476,121.397034,787.279419,0.030769,31.53725,0.154107,0.141769,0.054633,0.257168,21.409129,0,0.005749
11,262,0.667631,0.000719,0.04601,0.425498,60.414734,542.301758,0.092308,26.553692,2.405592,0.159384,0.044286,1.218131,11.691393,0,0.216503
11,262,0.667631,0.000719,0.04601,0.425498,55.563782,437.201172,0.0,24.190015,5.546338,0.168113,0.034465,2.03588,10.717046,1,nan
11,418,0.571325,0.002005,0.128317,0.329903,28.404335,142.530762,0.076923,5.645842,8.471725,0.145628,0.047483,2.578132,4.595992,0,0.427738
11,418,0.571325,0.002005,0.128318,0.329903,45.595917,185.128418,0.092308,6.362135,5.434939,0.172754,0.107483,1.871772,4.292212,0,0.383621
11,383,0.794924,0.001363,0.087255,0.689599,155.582886,724.040894,0.030769,28.44599,0.468705,0.109437,0.060856,1.13159,22.258334,0,0.085014
11,383,0.794924,0.001363,0.087255,0.689599,154.960693,908.226562,0.015385,70.379036,10.767252,0.068543,1.994914,3.855944,25.412887,0,0.231426
11,24,0.291891,0.001138,0.072843,0.199717,18.664886,158.175323,0.292308,5.625933,0.049385,0.231736,0.100409,0.078251,1.650887,0,0.03722
11,24,0.291891,0.001138,0.072843,0.199717,12.656776,3.863037,0.723077,0.478681,0.313028,0.281536,0.002034,0.23448,1.194701,0,0.173031
11,26,0.773214,0.00469,-0.30018,0.623588,62.616577,252.667969,0.030769,8.302698,9.008928,0.034612,1.125048,2.559395,7.970192,0,0.497402
11,26,0.773214,0.00469,-0.300178,0.623588,74.674751,260.893555,0.030769,6.088022,5.391721,0.02221,0.743162,1.485147,7.127226,0,0.544827
11,22,0.760019,0.003727,0.238497,0.5893,77.863831,1062.297852,0.030769,34.193271,0.277047,0.14705,0.128432,1.284721,13.517703,0,0.082241
11,22,0.760019,0.003727,0.238498,0.5893,82.446289,524.467285,0.030769,28.314075,3.610677,0.091755,0.208855,1.759334,13.403239,0,0.171532
11,435,0.738138,0.001507,-0.09648,0.54006,84.494385,261.554688,0.0,5.481744,15.241802,0.170532,0.022471,5.511894,19.049882,1,nan
11,435,0.738138,0.001507,-0.09648,0.54006,88.914307,112.490234,0.0,5.741195,12.216543,0.171868,0.017011,4.730543,19.518404,1,nan
11,186,0.845469,0.000681,-0.043591,0.915152,202.155762,404.494141,0.0,12.18042,5.866569,0.082667,0.042778,2.79182,33.748988,1,nan
11,186,0.845469,0.000681,-0.043592,0.915152,180.533203,527.169922,0.061538,26.407475,0.331938,0.074187,0.10775,0.808073,35.331988,0,0.068718
11,323,0.78887,0.004892,-0.31312,0.669832,122.940567,1051.386963,0.015385,17.194732,0.249127,0.192026,0.033207,0.276655,27.682362,0,0.005032
11,323,0.78887,0.004893,-0.313119,0.669832,166.134766,1033.698242,0.015385,45.69788,8.334818,0.070809,0.107857,3.231392,27.949721,0,0.176601
11,92,0.847532,0.003594,-0.230024,0.927546,236.284912,501.859375,0.030769,21.105095,8.988815,0.049835,0.316591,3.143117,25.666535,0,0.286312
11,92,0.847532,0.003594,-0.230023,0.927546,212.5625,723.675781,0.030769,37.642642,10.791073,0.051071,0.23387,3.883165,26.234343,0,0.265766
11,15,0.503233,0.000933,-0.059731,0.284683,30.790054,0.009888,0.076923,4.1e-05,0.017019,0.178791,5e-06,0.283347,6.906268,0,0.050877
11,15,0.503233,0.000933,-0.05973,0.284683,27.202782,175.122437,0.076923,5.54628,0.006284,0.207872,0.006736,0.204,6.249513,0,0.02776
11,70,0.77466,0.002749,0.175934,0.627587,100.062378,227.722412,0.030769,7.07433,3.857632,0.170619,0.019605,2.517202,23.124282,0,0.143948
11,70,0.77466,0.002749,0.175934,0.627587,101.622192,385.223145,0.030769,26.366236,2.651326,0.180162,0.021825,2.048225,23.579185,0,0.126244
11,359,0.676897,0.001145,-0.073256,0.437698,115.161377,305.859375,0.0,1.706127,49.806152,0.178261,0.020126,15.329216,24.246682,1,nan
11,359,0.676897,0.001145,-0.073256,0.437698,163.165527,254.035156,0.0,2.75092,28.082819,0.171808,0.021398,9.90801,30.623927,1,nan
11,366,0.713846,0.002059,0.131769,0.494216,53.959656,0.004883,0.046154,1.346804,0.973881,0.213022,3e-06,1.479289,12.798169,0,0.118752
11,366,0.713846,0.002059,0.131768,0.494216,50.973129,99.709106,0.046154,1.258933,0.858392,0.211131,0.031203,1.506291,13.423632,0,0.1166
11,77,0.82435,0.001112,0.071169,0.805138,96.482666,278.893311,0.061538,12.074211,0.615905,0.083113,0.010938,0.79533,15.599439,0,0.108677
11,77,0.82435,0.001112,0.071169,0.805138,93.894653,154.129028,0.046154,5.537761,0.111768,0.128488,0.028716,0.636309,16.215947,0,0.061764
11,107,0.393393,0.000526,-0.033678,0.233135,6.724213,76.511719,0.0,3.94377,6.467174,0.283847,0.142442,1.903065,0.989107,1,nan
11,107,0.393393,0.000526,-0.033679,0.233135,5.966553,60.67334,0.0,3.138022,6.376658,0.259864,0.333052,1.821889,0.7564,1,nan
11,440,0.81135,0.001187,0.07596,0.749644,162.728516,725.211426,0.046154,37.703601,0.625463,0.115578,0.068371,1.501982,29.763809,0,0.106689
11,440,0.81135,0.001187,0.075961,0.749644,208.913086,1178.684082,0.030769,38.039313,0.213035,0.062285,0.174329,1.156971,30.952462,0,0.080338
11,502,0.510469,0.000498,0.031899,0.288891,47.911011,85.984375,0.0,1.218342,16.982443,0.185406,0.012833,5.483116,11.009937,1,nan
11,502,0.510469,0.000498,0.031899,0.288891,53.027588,1.896484,0.030769,0.114204,14.191626,0.193709,6e-06,4.821528,11.595213,1,nan
11,411,0.756109,0.001319,-0.084446,0.579856,133.940308,181.394531,0.0,0.531369,25.468979,0.224346,0.005628,10.06506,32.106311,1,nan
11,411,0.756109,0.001319,-0.084446,0.579856,150.771118,565.945312,0.0,32.8115,15.168362,0.226247,0.026939,7.246966,33.364591,1,nan
11,456,0.84955,0.000496,-0.227514,0.939989,280.25293,2215.732422,0.030769,35.317071,0.495666,0.075799,2.447392,1.943204,45.946929,0,0.106014
11,456,0.84955,0.000496,-0.227515,0.939989,341.119141,773.494141,0.015385,25.285267,9.053715,0.01661,2.272538,2.795551,45.67246,0,0.253681
11,150,0.866983,0.000533,-0.124904,1.06319,246.085449,610.787109,0.0,9.002946,9.159609,0.08073,0.061452,3.258695,27.042038,1,nan
11,150,0.866983,0.000533,-0.124904,1.06319,247.464844,233.104004,0.061538,10.997205,3.600281,0.042407,0.025325,1.443402,28.301481,0,0.206474
11,96,0.532438,0.000383,-0.024505,0.302467,15.828476,138.559082,0.030769,2.345388,6.032589,0.205727,0.085743,1.850379,2.232259,1,nan
11,96,0.532438,0.000383,-0.024505,0.302467,20.256418,155.40332,0.015385,4.162996,5.371884,0.118611,0.276539,1.546939,1.742447,1,nan
11,39,0.475542,0.001525,-0.097611,0.269653,15.063385,47.246582,0.0,0.619377,6.756587,0.106868,0.495286,1.839495,1.310271,1,nan
11,39,0.475542,0.001525,-0.097612,0.269653,13.42749,73.485352,0.0,2.458293,7.064816,0.137274,0.801653,1.955146,1.000005,1,nan
11,209,0.793554,0.001441,0.092195,0.685026,157.2229,1303.371338,0.015385,50.332574,0.502456,0.185934,0.03972,0.134723,31.428103,0,0.007919
11,209,0.793554,0.001441,0.092195,0.685026,152.855957,930.141113,0.015385,21.676957,0.187814,0.161036,0.055862,1.100001,30.771706,0,0.048145
11,264,0.423704,0.000389,-0.024883,0.245398,35.452881,404.697266,0.076923,12.603599,1.818428,0.228944,0.046035,1.221525,5.775016,0,0.15786
11,264,0.423704,0.000389,-0.02488,0.245398,39.470139,301.455078,0.061538,10.951884,2.935338,0.21578,0.043003,1.584195,6.615515,0,0.185616
11,415,0.884989,0.000673,0.0431,1.229617,335.183594,2008.242676,0.015385,158.763807,0.697388,0.100854,1.131898,0.714081,74.90328,0,0.026962
11,415,0.884989,0.000673,0.0431,1.229617,290.027344,2004.25,0.0,131.247296,8.368172,0.167571,0.031866,6.089715,71.87719,1,nan
11,10,0.411524,0.000854,-0.054631,0.240319,19.175552,30.386719,0.107692,0.611316,0.022933,0.276339,5e-06,0.407829,3.877349,0,0.084595
11,10,0.411524,0.000854,-0.05463,0.240319,20.435066,99.043945,0.092308,1.836506,0.116888,0.286066,0.04011,0.545015,3.87661,0,0.104744
11,222,0.860067,0.000109,-0.006977,1.010632,225.691895,584.699219,0.0,17.361339,20.758434,0.175487,0.014209,10.379458,54.645448,1,nan
11,222,0.860067,0.000109,-0.006977,1.010632,271.232666,2901.164062,0.0,165.772799,8.445829,0.132907,0.048158,3.920098,56.096768,1,nan
11,283,0.353022,0.000439,0.042005,0.218588,8.161179,115.738281,0.0,1.729903,8.121889,0.23485,0.005466,2.315421,1.660189,1,nan
11,283,0.353022,0.000439,0.042005,0.218588,9.489319,24.550781,0.0,0.515187,7.972244,0.239246,0.009985,2.286211,1.726573,1,nan
11,37,0.540247,0.001,0.063987,0.307603,50.614258,317.609375,0.015385,10.173218,11.498344,0.194788,0.030777,3.7343,10.016173,1,nan
11,37,0.540247,0.001,0.063986,0.307603,40.83252,172.169922,0.0,7.7745,17.082754,0.198796,0.01123,5.108205,8.048793,1,nan
11,241,0.487925,0.000168,-0.010751,0.276174,25.998657,91.558594,0.0,1.642887,45.591263,0.212523,0.015143,12.861186,6.324799,1,nan
11,241,0.487925,0.000168,-0.01075,0.276174,23.299805,275.246094,0.0,3.893643,52.351826,0.220052,0.032113,14.468913,4.313335,1,nan
11,413,0.702971,4e-05,0.002528,0.476116,63.643555,320.022644,0.061538,5.015252,0.107451,0.108978,0.038001,0.597659,11.723055,0,0.090519
11,413,0.702971,4e-05,0.002528,0.476116,42.286987,278.302734,0.0,10.981314,6.791153,0.168243,0.037884,2.419803,8.187754,1,nan
11,451,0.900473,0.006618,0.423534,1.420941,366.98584,1291.669662,0.015385,45.089836,0.236225,0.052113,0.062227,1.853842,61.292254,0,0.090282
11,451,0.900473,0.006618,0.423532,1.420941,374.123047,1166.46228,0.015385,58.53052,2.056532,0.024689,1.688657,1.361694,60.23398,0,0.115753
11,223,0.879015,0.000435,-0.027847,1.168907,218.164551,842.597656,0.0,52.953148,10.287155,0.039442,1.157065,2.991682,36.567198,1,nan
11,223,0.879015,0.000435,-0.027847,1.168907,194.344727,608.217285,0.0,1.130037,7.6899,0.139224,0.02104,4.549458,37.849345,1,nan
11,91,0.727877,0.00117,0.07843,0.519693,109.851318,130.201172,0.030769,3.964015,9.721317,0.181991,0.010293,4.048511,21.743975,1,nan
11,91,0.727877,0.00117,0.07843,0.519693,94.890381,111.574219,0.0,6.243591,13.277744,0.173011,0.012704,4.875684,20.811326,1,nan
11,220,0.801012,0.001317,-0.084288,0.710701,96.623535,370.713379,0.046154,2.830774,0.224404,0.133717,0.036301,0.735565,17.482557,0,0.077068
11,220,0.801012,0.001317,-0.084287,0.710701,105.61792,1160.959473,0.030769,41.497083,2.036737,0.087827,2.353548,1.445342,17.691251,0,0.138313
11,450,0.916117,0.002773,0.177484,1.685952,512.60498,1731.365234,0.015385,15.200943,0.026303,0.091273,0.026165,4.258239,101.529467,1,nan
11,450,0.916117,0.002773,0.177484,1.685952,486.032593,1696.676147,0.015385,72.534151,0.58369,0.098709,0.045081,2.279386,102.722206,0,0.056358
11,67,0.709017,0.002341,-0.1498,0.486013,75.559082,224.678711,0.061538,4.139998,1.320362,0.161785,0.03722,1.292425,13.010485,0,0.123226
11,67,0.709017,0.002341,-0.149801,0.486013,62.376709,125.3125,0.046154,3.656307,4.782912,0.184314,0.00179,2.384841,12.793518,0,0.195072
11,127,0.621351,0.001125,0.071992,0.37349,40.90564,457.183594,0.061538,23.854156,2.492894,0.169993,0.126453,1.394577,6.877623,0,0.157063
11,127,0.621351,0.001125,0.071992,0.37349,45.729797,281.283691,0.046154,9.487313,2.72962,0.079529,0.169053,0.989885,6.496241,0,0.182392
11,45,0.837233,0.001384,0.088605,0.868862,136.350342,510.013672,0.0,3.209369,17.045122,0.078883,0.045447,5.269913,22.373377,1,nan
11,45,0.837233,0.001384,0.088604,0.868862,106.925537,228.966797,0.0,4.922211,20.304977,0.213093,0.005591,7.321054,22.631656,1,nan
11,144,0.891878,0.001695,-0.108479,1.30797,205.621094,812.309814,0.092308,25.089329,0.095863,0.068953,0.05582,0.50644,24.13451,0,0.081554
11,144,0.891878,0.001695,-0.108481,1.30797,169.953613,1145.344727,0.0,19.451837,1.632316,0.044274,0.130609,0.872903,23.624215,1,nan
11,36,0.820024,0.00275,-0.17602,0.785785,187.698242,1108.657349,0.061538,41.586503,3.14182,0.15936,0.030523,3.480078,37.357824,1,nan
11,36,0.820024,0.00275,-0.17602,0.785785,289.75,356.218262,0.046154,3.937514,1.727067,0.022184,0.178994,0.850136,38.823546,0,0.184319
11,314,0.927309,0.004703,-0.301004,1.945565,545.732422,6013.761963,0.015385,276.55529,0.696459,0.064699,2.706744,0.389821,100.605161,1,nan
11,314,0.927309,0.004703,-0.301005,1.945565,487.677734,7587.594238,0.0,280.810841,4.742902,0.056224,2.714523,1.481874,97.676599,1,nan
11,426,0.677576,0.001319,-0.084393,0.43862,49.143616,575.165527,0.092308,23.253808,2.612557,0.151769,0.169413,1.086072,7.92107,0,0.299454
11,426,0.677576,0.001319,-0.084393,0.43862,67.531982,402.487518,0.138462,8.946733,0.001173,0.078244,0.099776,0.200047,9.123038,0,0.068298
11,231,0.861925,0.001298,-0.083093,1.024251,257.460938,2174.787598,0.015385,88.515147,0.464489,0.083503,0.146023,2.551406,43.331041,0,0.09203
11,231,0.861925,0.001298,-0.083094,1.024251,320.329102,1272.898682,0.015385,13.705347,6.210576,0.035486,0.135602,2.27005,43.214539,0,0.168941
11,99,0.503466,0.000923,-0.059093,0.284816,42.474121,59.113281,0.0,1.92108,36.772751,0.200413,0.008782,10.502748,7.105567,1,nan
11,99,0.503466,0.000923,-0.059092,0.284816,44.077637,449.898438,0.0,13.867632,34.733673,0.211034,0.09279,9.954651,7.299428,1,nan
11,482,0.781256,2e-06,-0.000114,0.64651,145.998535,457.145508,0.046154,29.49719,1.444606,0.086369,0.048843,1.567904,21.800825,0,0.122845
11,482,0.781256,2e-06,-0.000114,0.64651,181.129395,562.90625,0.015385,14.372711,11.457945,0.009389,1.333298,3.197942,22.663709,0,0.293987
11,474,0.746019,0.000388,0.024814,0.556823,121.501404,193.033203,0.0,2.269626,31.60755,0.195826,0.010915,11.05338,29.396639,1,nan
11,474,0.746019,0.000388,0.024813,0.556823,161.32959,744.390625,0.0,16.895707,12.89706,0.15158,0.031202,5.511661,33.061699,1,nan
11,373,0.889635,0.00016,0.010261,1.28142,312.275391,680.925293,0.0,30.025065,4.001441,0.030643,0.126269,1.68012,54.170749,1,nan
11,373,0.889635,0.00016,0.010261,1.28142,313.909912,1338.307373,0.030769,9.51087,0.906313,0.09956,0.057722,2.600575,55.820474,0,0.086365
11,377,0.86994,0.000203,0.013007,1.087357,322.207031,1363.296875,0.0,35.352146,27.943407,0.094899,0.033745,9.93622,62.042577,1,nan
11,377,0.86994,0.000203,0.013007,1.087357,342.490234,1887.84375,0.0,108.579441,22.727066,0.081533,0.045099,7.22186,62.964949,1,nan
11,337,0.764669,0.000415,0.02659,0.600949,130.726074,377.121033,0.046154,12.546093,0.000369,0.155328,0.023234,1.046358,20.980757,0,0.063461
11,337,0.764669,0.000415,0.026589,0.600949,125.628906,225.48877,0.030769,8.021528,0.441537,0.158669,0.026172,0.927033,22.100084,0,0.054695
11,151,0.846666,0.000499,-0.031947,0.9223,158.661865,665.730469,0.0,35.159275,9.72452,0.197596,0.021109,5.818479,39.067906,1,nan
11,151,0.846666,0.000499,-0.031947,0.9223,180.105469,336.998047,0.015385,19.518577,2.273797,0.204347,0.023023,4.36139,41.439927,0,0.1063
11,475,0.482286,0.000494,0.031644,0.273166,30.120361,113.126953,0.0,3.060684,8.688246,0.21367,0.011108,2.840409,5.63821,1,nan
11,475,0.482286,0.000494,0.031644,0.273166,26.46875,8.230469,0.061538,0.34783,8.732565,0.210453,6e-06,2.925225,6.250905,0,0.509224
11,250,0.83917,0.002909,0.186198,0.879316,232.609131,147.229492,0.107692,2.26584,2.478565,0.03478,0.012228,1.047895,25.853632,0,0.269852
11,250,0.83917,0.002909,0.186198,0.879316,293.165039,280.904419,0.153846,10.579888,1.806996,0.006211,1.274613,0.573406,25.169344,0,0.307877
11,187,0.827631,0.000368,0.023538,0.82046,137.189453,246.083984,0.076923,0.974498,2.976224,0.093796,0.022037,1.692337,19.041856,0,0.214756
11,187,0.827631,0.000368,0.023537,0.82046,158.693359,961.955078,0.046154,17.927925,6.867228,0.052974,2.822693,2.439293,18.941061,0,0.28421
23,454,0.832354,0.002618,-0.167563,0.843567,95.071411,926.857422,0.030769,38.232001,1.330091,0.084442,0.073175,2.060665,25.632927,0,0.120251
23,454,0.832354,0.002618,-0.167564,0.843567,97.984467,936.675171,0.138462,37.224679,0.098017,0.07361,2.427678,0.12293,23.738842,0,0.0163
23,365,0.801039,0.001694,-0.108422,0.710804,46.092163,319.449219,0.0,10.790997,15.949369,0.223211,0.074598,7.330719,13.337837,1,nan
23,365,0.801039,0.001694,-0.108423,0.710804,68.54541,180.054688,0.046154,6.163039,2.389094,0.153548,0.018502,2.176325,18.530397,0,0.149006
23,491,0.420919,0.000166,0.010612,0.244218,15.099182,12.995117,0.0,0.42274,9.461892,0.216393,0.006462,4.013352,5.055559,1,nan
23,491,0.420919,0.000166,0.010612,0.244218,20.635742,105.857422,0.0,2.628283,7.022706,0.240224,0.005885,3.180362,5.445394,1,nan
23,249,0.819529,0.002938,-0.188003,0.783624,38.431519,173.197754,0.123077,4.723863,0.219279,0.134151,0.035833,0.552711,10.093499,0,0.09795
23,249,0.819529,0.002938,-0.188004,0.783624,37.241882,414.33728,0.076923,2.29617,0.095668,0.147177,0.087782,0.035333,9.777402,0,0.010887
23,330,0.365549,0.001414,-0.090481,0.222903,0.929718,21.937012,0.0,0.354024,1.958754,0.168181,0.662432,0.735567,0.250263,1,nan
23,330,0.365549,0.001414,-0.090484,0.222903,0.172401,0.002686,0.0,6e-06,2.104393,0.256351,0.000652,0.782569,0.061492,1,nan
23,424,0.842981,0.00054,0.034592,0.900663,45.609055,43.327148,0.046154,1.755374,2.798571,0.029441,0.140322,1.188962,10.210876,0,0.296532
23,424,0.842981,0.00054,0.034591,0.900663,46.649048,392.390625,0.107692,11.778769,0.09206,0.108516,0.100233,0.771811,10.008962,0,0.098743
23,141,0.853354,0.003193,0.204335,0.964368,77.604858,477.138641,0.215385,18.502972,0.030855,0.052136,0.126394,0.063196,17.774366,0,0.032497
23,141,0.853354,0.003193,0.204334,0.964368,70.826904,783.537506,0.092308,27.192831,0.27866,0.099352,0.183412,0.23472,18.21564,0,0.016117
23,347,0.652529,0.000188,0.012018,0.407001,22.884552,107.960175,0.184615,1.923537,0.008524,0.190308,0.034696,0.211624,4.824387,0,0.042465
23,347,0.652529,0.000188,0.012018,0.407001,28.800323,234.498047,0.092308,8.54114,3.371487,0.17799,0.15827,1.759336,5.62901,0,0.281784
23,460,0.873178,0.002253,0.144207,1.115105,112.943726,1326.4646,0.030769,51.495073,0.410039,0.115317,2.66171,0.610432,29.32748,0,0.03875
23,460,0.873178,0.002253,0.144206,1.115105,143.296631,60.510986,0.092308,2.24894,0.138174,0.054214,0.008041,0.173949,28.704627,0,0.022339
23,133,0.831984,0.00118,-0.075519,0.841714,90.049194,550.252197,0.0,19.160744,1.136691,0.031431,1.011532,0.448156,21.57347,1,nan
23,133,0.831984,0.00118,-0.075521,0.841714,96.256226,424.02002,0.061538,27.622641,0.046732,0.062628,0.091238,0.599991,22.932963,0,0.065125
23,192,0.276129,0.000495,0.03168,0.195368,5.733447,12.218018,0.138462,0.224393,2.54705,0.180685,0.029726,1.047519,1.410504,1,nan
23,192,0.276129,0.000495,0.03168,0.195368,6.278389,16.669922,0.092308,0.398332,3.107096,0.114158,0.059559,1.205789,1.362991,1,nan
23,125,0.511168,0.001145,0.073311,0.289305,7.577574,82.822266,0.323077,0.602638,0.051602,0.240569,0.048309,0.215939,2.152328,1,nan
23,125,0.511168,0.001145,0.07331,0.289305,5.134294,66.507202,0.353846,1.337727,1.213335,0.171207,0.085477,0.578663,1.518873,1,nan
23,159,0.821524,0.001284,0.082195,0.79239,78.831543,213.150391,0.0,6.408346,5.093777,0.137891,0.014589,3.028184,24.481071,1,nan
23,159,0.821524,0.001284,0.082195,0.79239,90.39563,146.216309,0.046154,9.220053,1.439882,0.160002,0.016223,1.941948,25.729045,0,0.115063
23,167,0.515837,6.3e-05,-0.004053,0.292095,9.98674,4.334229,0.2,0.05546,2.747504,0.189814,0.008929,1.35799,3.892713,0,0.376171
23,167,0.515837,6.3e-05,-0.004049,0.292095,10.079422,14.983154,0.153846,0.701707,2.980967,0.18052,0.016148,1.39627,3.605744,0,0.446156
23,95,0.710596,0.003082,-0.197253,0.488662,28.586426,274.460938,0.169231,9.407998,0.520056,0.152579,0.065829,0.656699,8.544149,0,0.1311
23,95,0.710596,0.003082,-0.197253,0.488662,29.158295,161.595703,0.123077,0.976434,0.954085,0.190083,0.027073,1.090572,8.822053,0,0.140774
23,273,0.721552,8.3e-05,-0.005324,0.507893,31.752502,17.140625,0.0,0.364273,24.537392,0.198331,9e-06,10.099978,12.167413,1,nan
23,273,0.721552,8.3e-05,-0.005325,0.507893,30.792358,49.269531,0.0,0.903162,25.91881,0.206412,0.007894,10.581759,11.454487,1,nan
23,240,0.265764,1.7e-05,-0.001114,0.19261,8.464691,77.833496,0.0,2.766524,5.043675,0.207475,0.045102,2.050605,2.454801,1,nan
23,240,0.265764,1.7e-05,-0.001113,0.19261,8.298203,79.379395,0.0,2.164271,4.959514,0.23082,0.040871,2.059923,2.403601,1,nan
23,388,0.849726,0.005436,-0.347902,0.941091,22.148674,251.92038,0.153846,9.332237,0.016429,0.185681,0.125315,0.455745,6.97723,0,0.089745
23,388,0.849726,0.005436,-0.347906,0.941091,29.785492,79.180786,0.123077,3.138517,1.332072,0.049944,0.038247,0.684956,7.705407,0,0.216194
23,468,0.863398,0.005062,-0.323966,1.035269,122.949402,1518.522217,0.030769,19.012472,4.539138,0.009565,0.868527,1.784355,30.17169,0,0.182625
23,468,0.863398,0.005062,-0.323966,1.035269,102.906494,1588.197266,0.061538,13.987154,0.271382,0.101321,0.308201,0.352472,30.225767,0,0.028355
23,275,0.285688,0.000707,-0.04523,0.197983,11.646202,25.594238,0.153846,0.836574,5.799327,0.196113,0.013182,2.488227,3.919539,0,0.663143
23,275,0.285688,0.000707,-0.045229,0.197983,9.949524,0.008789,0.046154,5.3e-05,5.874747,0.214322,8e-06,2.483804,3.405443,1,nan
23,282,0.873869,0.000322,0.020603,1.12123,61.811646,114.98291,0.0,4.220151,2.384788,0.097387,0.06286,1.485025,14.597159,1,nan
23,282,0.873869,0.000322,0.020604,1.12123,52.465088,68.3125,0.0,2.684466,2.805223,0.095043,0.049761,1.630186,14.359645,1,nan
23,464,0.823561,0.003134,0.200557,0.801536,53.249451,67.995605,0.307692,1.191624,0.125275,0.082302,0.070635,0.293462,6.720253,0,0.504715
23,464,0.823561,0.003134,0.200558,0.801536,45.416138,9.86499,0.076923,0.247033,3.908881,0.006702,0.467088,1.450378,6.123234,0,0.512184
23,103,0.82258,0.002252,0.144104,0.797096,45.305359,331.400452,0.138462,6.054323,0.704924,0.075469,0.174648,0.598828,9.798468,0,0.132412
23,103,0.82258,0.002252,0.144104,0.797096,42.408569,244.87886,0.076923,1.264767,0.123929,0.160409,0.044857,0.482187,10.454918,0,0.052723
23,315,0.634188,0.002632,0.168468,0.386595,6.640991,25.00293,0.0,0.931857,4.038342,0.182899,0.033799,1.605981,1.95261,1,nan
23,315,0.634188,0.002632,0.168462,0.386595,6.317688,16.339355,0.0,0.27701,4.096129,0.200178,0.077586,1.652595,2.008753,1,nan
23,158,0.909536,0.002715,-0.173732,1.563288,159.258057,648.924194,0.046154,17.287586,0.210602,0.068417,0.098453,0.899423,40.174063,0,0.081745
23,158,0.909536,0.002715,-0.173732,1.563288,208.111206,365.458496,0.061538,8.675393,2.926937,0.007747,0.692821,1.202105,41.554842,0,0.21257
23,403,0.817427,0.003749,-0.239932,0.774595,35.482941,332.976074,0.0,7.402002,6.221544,0.094509,0.530023,2.499807,7.784652,1,nan
23,403,0.817427,0.003749,-0.239934,0.774595,41.558502,105.254761,0.0,4.599611,1.691096,0.02277,0.90003,0.626033,8.306522,1,nan
23,134,0.505102,0.000903,-0.057792,0.285758,2.834093,17.130066,1.0,0.364621,0.13282,0.247419,0.022498,0.129096,0.724186,0,0.145718
23,134,0.505102,0.000903,-0.057792,0.285758,3.205523,5.694397,0.769231,0.061856,0.198474,0.229295,0.010439,0.159534,0.87562,0,0.186924
23,195,0.837648,0.000356,0.022782,1.742156,111.625122,848.845673,0.061538,40.427754,0.220057,0.075967,0.375231,0.354953,31.779584,0,0.03072
23,195,0.837648,0.000356,0.022781,1.742156,99.305664,877.814819,0.015385,51.55856,0.079428,0.155477,0.116997,0.029335,32.501517,0,0.007141
23,327,0.800657,0.002639,-0.168907,0.709443,56.127197,158.833496,0.061538,4.68907,2.414807,0.155217,0.018417,1.761447,11.74511,0,0.189743
23,327,0.800657,0.002639,-0.168907,0.709443,54.804932,152.16748,0.046154,2.761013,3.073705,0.166306,0.019909,1.991179,11.648245,1,nan
23,178,0.892431,0.000112,-0.007138,1.314708,110.746704,1036.366577,0.030769,43.342848,0.326648,0.112984,0.107612,0.590674,34.400538,0,0.023056
23,178,0.892431,0.000112,-0.007138,1.314708,103.79834,430.087891,0.0,17.997569,6.951941,0.091584,0.039848,3.612475,31.041177,1,nan
23,73,0.419104,0.000344,0.022032,0.243453,11.032654,35.843018,0.353846,0.658033,0.684706,0.232476,0.007758,0.501213,2.564235,0,0.206985
23,73,0.419104,0.000344,0.022032,0.243453,10.348801,113.072144,0.246154,1.589632,0.802143,0.257993,0.033676,0.620901,2.7443,0,0.18819
23,309,0.362253,0.000459,-0.029399,0.221752,7.787933,0.008362,0.261538,4e-06,0.544328,0.230115,6e-06,0.464228,2.6664,0,0.16824
23,309,0.362253,0.000459,-0.0294,0.221752,9.196671,0.00293,0.230769,5e-06,0.968078,0.272686,6e-06,0.675969,2.718501,0,0.201893
23,336,0.503538,0.00078,-0.04995,0.284859,8.465881,18.531006,0.015385,0.407818,2.755241,0.220592,0.041851,1.219668,2.068965,1,nan
23,336,0.503538,0.00078,-0.049949,0.284859,8.53125,0.003418,0.138462,6e-06,2.711373,0.203941,1.2e-05,1.20328,2.294636,1,nan
23,204,0.791689,0.00229,0.146543,0.678895,32.806458,144.173096,0.169231,2.86317,0.17033,0.13194,0.072639,0.504649,8.510156,0,0.111618
23,204,0.791689,0.00229,0.146544,0.678895,28.487613,191.293144,0.092308,0.556998,0.671616,0.166227,0.074587,0.813781,8.826461,0,0.129852
23,439,0.835085,0.000816,-0.052236,0.857546,97.9375,208.460693,0.0,8.126699,3.594931,0.050892,0.144387,1.729642,24.682297,1,nan
23,439,0.835085,0.000816,-0.052236,0.857546,86.039429,401.053955,0.061538,19.59295,0.079642,0.114505,0.058996,0.936306,26.475041,0,0.073677
23,422,0.367247,0.000933,0.059709,0.223502,3.47794,13.876648,0.676923,0.042892,0.602135,0.200369,0.00818,0.307092,1.168839,0,0.290989
23,422,0.367247,0.000933,0.059709,0.223502,2.946838,13.721436,0.584615,0.045542,0.902222,0.231622,0.008974,0.404161,0.826676,0,0.626316
23,44,0.574957,0.000663,0.042402,0.332723,16.969604,35.408203,0.0,0.763485,9.456354,0.188631,0.013955,3.907471,5.218405,1,nan
23,44,0.574957,0.000663,0.0424,0.332723,18.129822,60.303711,0.0,2.217984,8.603925,0.175491,0.043742,3.573799,5.640853,1,nan
23,441,0.884436,0.007448,0.476678,1.223763,101.205994,311.346191,0.123077,10.623455,2.189429,0.043623,0.803162,1.269553,15.869644,0,0.223366
23,441,0.884436,0.007448,0.476677,1.223763,137.916626,136.165039,0.092308,3.844778,5.030787,0.021778,0.091887,2.032417,16.700446,0,0.434944
23,57,0.790575,0.004213,0.269652,0.67528,52.309204,325.742676,0.076923,5.558018,3.753543,0.032966,0.309993,1.517671,10.442413,0,0.273399
23,57,0.790575,0.004213,0.269651,0.67528,56.717896,38.354492,0.061538,1.625658,5.021032,0.059806,0.029327,2.16943,11.46224,0,0.314362
23,379,0.770994,0.002493,-0.159564,0.617547,22.551514,683.168457,0.0,21.982386,1.03908,0.145329,2.415577,0.479006,6.670011,1,nan
23,379,0.770994,0.002493,-0.159564,0.617547,22.948181,499.512939,0.230769,7.472515,0.052405,0.195536,2.477917,0.425746,6.758168,0,0.054413
23,40,0.759729,0.000186,0.011919,0.588588,36.926697,50.412109,0.0,2.913528,14.071856,0.145147,0.013159,5.878511,11.397489,1,nan
23,40,0.759729,0.000186,0.011919,0.588588,49.044678,38.241211,0.0,0.500002,9.133881,0.189615,0.009041,4.503889,13.69661,1,nan
23,72,0.857515,0.001168,0.07478,0.992549,105.638672,1307.944092,0.046154,23.338143,0.078853,0.116295,0.067525,0.220972,31.402434,0,0.019886
23,72,0.857515,0.001168,0.074779,0.992549,121.764648,829.624008,0.076923,37.232706,0.077211,0.079454,0.054969,0.237637,30.72117,0,0.02755
23,281,0.89187,0.001837,-0.117592,1.30789,62.199341,552.691406,0.061538,18.694067,4.076679,0.085482,0.191656,2.343013,13.825421,0,0.230259
23,281,0.89187,0.001837,-0.117593,1.30789,66.542358,451.525391,0.123077,10.575707,2.606014,0.029443,1.76926,1.190173,12.389457,0,0.269928
23,284,0.82926,0.000912,-0.058349,0.828281,44.28125,119.173645,0.123077,4.277806,0.568467,0.125373,0.049289,0.643062,8.011943,0,0.169746
23,284,0.82926,0.000912,-0.058348,0.828281,58.104675,111.587158,0.138462,4.563353,1.542292,0.075675,0.087741,0.945748,9.527276,0,0.198326
23,459,0.820414,0.003844,0.245988,0.787476,61.96875,361.082458,0.138462,11.462922,0.404623,0.041426,0.270166,0.420861,13.771752,0,0.104473
23,459,0.820414,0.003844,0.245987,0.787476,58.018799,331.2948,0.061538,9.777185,2.147231,0.026717,0.206556,0.960957,14.259663,0,0.177628
23,262,0.667631,0.000719,0.04601,0.425498,26.020386,9.998047,0.0,0.20878,17.472328,0.209812,0.010651,7.34967,9.831345,1,nan
23,262,0.667631,0.000719,0.04601,0.425498,28.054321,156.291016,0.0,5.805227,18.391499,0.217716,0.032825,7.549343,9.031793,1,nan
23,418,0.571325,0.002005,0.128317,0.329903,10.060883,33.291885,0.230769,0.907366,0.052387,0.233446,0.047895,0.030201,2.869626,0,0.003262
23,418,0.571325,0.002005,0.128318,0.329903,10.232689,44.771179,0.492308,2.69838,0.181456,0.195975,0.080491,0.204947,2.347865,0,0.119839
23,383,0.794924,0.001363,0.087255,0.689599,31.286346,178.525146,0.107692,8.457797,1.055785,0.110815,0.032186,0.88145,7.800238,0,0.158642
23,383,0.794924,0.001363,0.087255,0.689599,25.444214,167.331909,0.338462,0.088971,0.198406,0.049227,0.598549,0.223185,6.6584,0,0.141529
23,24,0.291891,0.001138,0.072843,0.199717,4.478577,81.380371,0.0,2.117294,4.773548,0.333118,0.067147,1.917976,0.886214,1,nan
23,24,0.291891,0.001138,0.072843,0.199717,4.156113,0.007812,0.0,6e-06,4.708064,0.343052,1.7e-05,1.882732,0.981801,1,nan
23,26,0.773214,0.00469,-0.30018,0.623588,23.213852,76.844238,0.0,2.383307,6.621202,0.068878,0.934064,2.454067,1.978246,1,nan
23,26,0.773214,0.00469,-0.300178,0.623588,18.763611,58.316406,0.0,1.175941,4.960125,0.054938,1.635402,1.861074,1.882569,1,nan
23,22,0.760019,0.003727,0.238497,0.5893,20.448975,59.933105,0.0,1.067263,3.985346,0.182981,5e-06,2.007714,6.919261,1,nan
23,22,0.760019,0.003727,0.238498,0.5893,22.709534,61.766602,0.0,1.709285,3.527839,0.165098,0.016026,1.760798,7.073394,1,nan
23,435,0.738138,0.001507,-0.09648,0.54006,19.82782,84.610573,0.184615,2.928599,0.06601,0.150526,0.054415,0.044013,5.890695,0,0.006302
23,435,0.738138,0.001507,-0.09648,0.54006,19.880432,111.088287,0.169231,4.129035,0.02545,0.148593,0.064054,0.077285,5.84922,0,0.021553
23,186,0.845469,0.000681,-0.043591,0.915152,44.56134,154.460442,0.184615,6.268398,0.087815,0.085359,0.146062,0.032433,9.959936,0,0.008404
23,186,0.845469,0.000681,-0.043592,0.915152,46.959045,146.631592,0.184615,0.638579,0.070442,0.082367,0.158113,0.214144,9.867769,0,0.054012
23,323,0.78887,0.004892,-0.31312,0.669832,82.378601,128.169922,0.076923,2.86543,0.116144,0.113771,0.008798,0.945216,17.739652,0,0.090496
23,323,0.78887,0.004893,-0.313119,0.669832,104.164917,755.637939,0.061538,19.401839,0.208215,0.081463,0.48744,0.819831,18.18496,0,0.093803
23,92,0.847532,0.003594,-0.230024,0.927546,21.84082,48.450378,0.230769,0.055805,0.02687,0.128809,0.020139,0.21644,4.902661,0,0.08569
23,92,0.847532,0.003594,-0.230023,0.927546,17.960205,29.83667,0.230769,0.03089,0.014719,0.112224,0.072089,0.209047,4.271162,0,0.087498
23,15,0.503233,0.000933,-0.059731,0.284683,17.586731,11.255127,0.092308,0.150146,3.526277,0.200075,0.005785,1.650976,4.037405,1,nan
23,15,0.503233,0.000933,-0.05973,0.284683,21.488281,107.684082,0.215385,4.032204,1.722752,0.187244,0.046086,0.970965,4.859791,0,0.277534
23,70,0.77466,0.002749,0.175934,0.627587,34.334167,228.016602,0.0,9.426945,4.110737,0.148552,0.055439,1.968679,10.282736,1,nan
23,70,0.77466,0.002749,0.175934,0.627587,34.827881,235.949707,0.061538,3.440311,2.677889,0.143943,0.055755,1.563256,11.193879,0,0.219181
23,359,0.676897,0.001145,-0.073256,0.437698,13.445129,59.908203,0.0,1.385897,22.890909,0.038618,0.396037,8.481741,2.811962,1,nan
23,359,0.676897,0.001145,-0.073256,0.437698,18.507935,54.896484,0.0,0.133866,21.709536,0.029672,0.45366,8.060572,2.835071,1,nan
23,366,0.713846,0.002059,0.131769,0.494216,14.526398,26.713501,0.307692,0.244902,0.252791,0.14895,0.044099,0.32858,3.599942,0,0.135864
23,366,0.713846,0.002059,0.131768,0.494216,14.827515,70.75238,0.246154,3.138435,0.020494,0.154384,0.124032,0.168729,4.047917,0,0.055435
23,77,0.82435,0.001112,0.071169,0.805138,40.246155,84.423279,0.230769,1.930047,0.811789,0.06778,0.087004,0.47543,5.712191,0,0.190922
23,77,0.82435,0.001112,0.071169,0.805138,37.53186,199.939171,0.4,4.3624,0.022498,0.091125,0.178678,0.065274,5.364323,0,0.021679
23,107,0.393393,0.000526,-0.033678,0.233135,6.156036,80.828125,0.0,1.235273,6.543753,0.106459,1.634244,2.437296,0.917984,1,nan
23,107,0.393393,0.000526,-0.033679,0.233135,4.626205,69.18457,0.0,2.269827,6.444837,0.106581,1.502553,2.404431,0.917264,1,nan
23,440,0.81135,0.001187,0.07596,0.749644,32.112427,197.333252,0.092308,2.381115,0.187662,0.170944,0.081803,0.766876,8.651213,0,0.101883
23,440,0.81135,0.001187,0.075961,0.749644,43.560135,297.945801,0.092308,9.661173,4.61517,0.114419,0.192379,2.348354,9.666664,0,0.33036
23,502,0.510469,0.000498,0.031899,0.288891,27.408966,206.858643,0.138462,6.130185,1.931957,0.207863,0.031542,1.288183,7.425266,0,0.223175
23,502,0.510469,0.000498,0.031899,0.288891,24.300049,0.016602,0.123077,4.3e-05,2.745849,0.238292,4e-06,1.775249,7.442174,0,0.231079
23,411,0.756109,0.001319,-0.084446,0.579856,47.331055,219.091797,0.0,5.666551,7.68856,0.179354,0.034083,3.919282,15.531997,1,nan
23,411,0.756109,0.001319,-0.084446,0.579856,49.693237,27.15332,0.0,0.610681,8.448774,0.161623,0.010381,4.149028,14.94003,1,nan
23,456,0.84955,0.000496,-0.227514,0.939989,103.519653,1492.672607,0.030769,31.328191,0.150544,0.169815,0.137881,0.0556,25.808015,0,0.008167
23,456,0.84955,0.000496,-0.227515,0.939989,136.303101,457.771484,0.046154,31.02106,2.990413,0.044791,1.537511,1.786896,26.369827,0,0.175327
23,150,0.866983,0.000533,-0.124904,1.06319,106.414124,255.052971,0.4,9.943712,0.00464,0.031401,0.448915,0.261748,15.924293,0,0.363464
23,150,0.866983,0.000533,-0.124904,1.06319,114.234619,67.630829,0.507692,0.388586,0.122637,0.012891,0.132846,0.114928,14.8745,0,0.146759
23,96,0.532438,0.000383,-0.024505,0.302467,5.132736,13.428978,0.4,0.352937,0.009422,0.180092,0.006585,0.162444,1.928236,0,0.09071
23,96,0.532438,0.000383,-0.024505,0.302467,2.992661,0.002441,0.076923,1.6e-05,1.640939,0.171146,3.3e-05,0.673878,0.855585,1,nan
23,39,0.475542,0.001525,-0.097611,0.269653,2.648653,25.396484,0.784615,0.811277,0.221254,0.20422,0.068411,0.138962,0.765093,0,0.260231
23,39,0.475542,0.001525,-0.097612,0.269653,2.875973,0.00354,0.769231,0.002344,0.750951,0.092812,0.000193,0.286124,0.524059,1,nan
23,209,0.793554,0.001441,0.092195,0.685026,36.395538,86.64325,0.153846,1.567072,0.004641,0.142651,0.084216,0.146816,6.80242,0,0.028297
23,209,0.793554,0.001441,0.092195,0.685026,44.054688,130.715515,0.215385,1.409458,0.074586,0.102256,0.088439,0.295079,6.817264,0,0.083031
23,264,0.423704,0.000389,-0.024883,0.245398,7.422287,5.920898,0.276923,0.095679,0.04803,0.205405,0.013208,0.221136,2.779476,0,0.083115
23,264,0.423704,0.000389,-0.02488,0.245398,10.195034,0.006592,0.2,5e-06,0.059267,0.218708,1.3e-05,0.151482,3.71006,0,0.042786
23,415,0.884989,0.000673,0.0431,1.229617,65.75647,426.485107,0.0,0.722781,1.583231,0.134749,0.070581,1.682332,18.434306,1,nan
23,415,0.884989,0.000673,0.0431,1.229617,68.435791,206.17041,0.076923,4.233075,0.036066,0.106683,0.053505,0.411898,19.589646,0,0.053913
23,10,0.411524,0.000854,-0.054631,0.240319,7.50148,31.805664,0.0,0.036281,4.087222,0.2343,0.020565,1.7234,2.04661,1,nan
23,10,0.411524,0.000854,-0.05463,0.240319,7.532516,28.477051,0.0,1.006621,4.241957,0.209064,0.014456,1.734499,1.972819,1,nan
23,222,0.860067,0.000109,-0.006977,1.010632,119.655029,1166.223633,0.015385,32.013419,2.6627,0.167132,0.041655,3.407065,34.126453,1,nan
23,222,0.860067,0.000109,-0.006977,1.010632,118.244873,773.512817,0.030769,23.439519,0.344481,0.176401,0.031516,2.501853,35.110127,0,0.083275
23,283,0.353022,0.000439,0.042005,0.218588,3.235092,37.664062,0.0,1.081378,4.873693,0.117737,0.135888,1.820573,0.528424,1,nan
23,283,0.353022,0.000439,0.042005,0.218588,4.43692,6.283691,0.0,0.406071,5.125508,0.059293,0.414823,1.897892,0.49194,1,nan
23,37,0.540247,0.001,0.063987,0.307603,7.308014,36.464844,0.092308,1.397098,2.301267,0.159975,0.039496,0.947095,1.554756,1,nan
23,37,0.540247,0.001,0.063986,0.307603,9.167252,28.240723,0.384615,1.035915,0.924254,0.215024,0.01329,0.51049,2.020222,0,0.268665
23,241,0.487925,0.000168,-0.010751,0.276174,11.743713,52.272705,0.0,1.418514,2.566387,0.271223,0.010357,1.261998,2.735589,1,nan
23,241,0.487925,0.000168,-0.01075,0.276174,8.188553,73.813477,0.0,1.410414,4.216631,0.233948,0.059222,1.775606,2.219247,1,nan
23,413,0.702971,4e-05,0.002528,0.476116,23.545441,82.773315,0.184615,3.690667,1.395258,0.100213,0.085496,0.786685,4.89165,0,0.238434
23,413,0.702971,4e-05,0.002528,0.476116,23.596741,10.176952,0.276923,0.365662,0.013167,0.117359,0.010176,0.168904,4.47979,0,0.064159
23,451,0.900473,0.006618,0.423534,1.420941,155.020996,798.187256,0.061538,31.18259,0.276815,0.063857,0.611509,0.862221,31.576352,0,0.066254
23,451,0.900473,0.006618,0.423532,1.420941,126.213867,1471.400513,0.030769,53.790009,0.455074,0.092991,0.297506,1.63123,32.485462,0,0.07832
23,223,0.879015,0.000435,-0.027847,1.168907,93.853394,181.720703,0.0,3.176888,5.596257,0.083898,0.020542,3.052423,27.658967,1,nan
23,223,0.879015,0.000435,-0.027847,1.168907,82.691528,407.769531,0.0,22.455488,6.641394,0.127016,0.12469,3.725735,27.239857,1,nan
23,91,0.727877,0.00117,0.07843,0.519693,11.817932,58.49707,0.0,0.08757,4.122518,0.162215,0.05518,1.747454,3.842284,1,nan
23,91,0.727877,0.00117,0.07843,0.519693,10.854889,78.669922,0.0,3.428842,6.748265,0.205862,0.018668,2.739148,2.93803,1,nan
23,220,0.801012,0.001317,-0.084288,0.710701,41.768982,653.220703,0.061538,18.709912,2.643221,0.202142,0.040457,2.114716,10.675384,0,0.156925
23,220,0.801012,0.001317,-0.084287,0.710701,27.352631,457.838867,0.0,6.95992,5.829955,0.149151,0.054252,2.835445,8.609261,1,nan
23,450,0.916117,0.002773,0.177484,1.685952,194.950439,2683.565796,0.030769,38.341064,0.476211,0.20731,0.080552,4.194528,62.409114,0,0.076157
23,450,0.916117,0.002773,0.177484,1.685952,197.391602,2012.044617,0.015385,47.804088,0.444737,0.152483,0.041069,1.854269,63.550901,0,0.040737
23,67,0.709017,0.002341,-0.1498,0.486013,16.941925,83.049011,0.138462,0.991767,0.026581,0.231596,0.014163,0.009817,4.971695,0,0.007851
23,67,0.709017,0.002341,-0.149801,0.486013,17.314667,66.176575,0.153846,1.505166,0.004458,0.202609,0.033014,0.070794,5.189423,0,0.009377
23,127,0.621351,0.001125,0.071992,0.37349,9.560272,35.822052,0.430769,0.799796,0.009833,0.176055,0.029199,0.032575,2.221898,0,0.013939
23,127,0.621351,0.001125,0.071992,0.37349,9.752884,20.807007,0.246154,0.496308,0.54907,0.197994,0.017263,0.45899,2.94568,0,0.166191
23,45,0.837233,0.001384,0.088605,0.868862,55.418945,163.786621,0.0,3.93413,2.743751,0.125901,0.033211,1.552963,12.326465,1,nan
23,45,0.837233,0.001384,0.088604,0.868862,47.385437,152.480713,0.0,2.650548,4.217457,0.15333,0.018405,2.21609,11.983285,1,nan
23,144,0.891878,0.001695,-0.108479,1.30797,36.266113,138.604126,0.384615,1.276779,0.741671,0.046074,1.466479,0.321719,6.477773,1,nan
23,144,0.891878,0.001695,-0.108481,1.30797,29.721039,113.19519,0.261538,2.543863,0.709958,0.036196,0.767075,0.330249,6.636301,0,0.179798
23,36,0.820024,0.00275,-0.17602,0.785785,106.955322,876.148926,0.0,22.43978,7.425361,0.024145,1.170516,2.801318,23.430254,1,nan
23,36,0.820024,0.00275,-0.17602,0.785785,134.940186,251.597839,0.184615,8.299654,0.03364,0.03667,0.145553,0.083156,26.7218,0,0.010845
23,314,0.927309,0.004703,-0.301004,1.945565,193.646973,681.185547,0.0,49.193642,2.66415,0.032258,0.970019,1.126187,46.751581,1,nan
23,314,0.927309,0.004703,-0.301005,1.945565,170.50354,1557.823822,0.015385,37.335744,1.304209,0.014512,1.63819,0.79247,47.660572,0,0.116817
23,426,0.677576,0.001319,-0.084393,0.43862,31.577271,39.32019,0.153846,0.903466,1.071506,0.156394,0.002673,0.845531,6.899821,0,0.174332
23,426,0.677576,0.001319,-0.084393,0.43862,26.680511,79.217712,0.153846,1.306939,0.606885,0.167402,0.005502,0.726504,7.145409,0,0.135403
23,231,0.861925,0.001298,-0.083093,1.024251,97.974487,829.604858,0.092308,29.776477,1.408313,0.053647,1.069733,1.095781,17.620671,0,0.163116
23,231,0.861925,0.001298,-0.083094,1.024251,133.024658,148.079102,0.061538,4.513166,2.983402,0.025918,1.360237,1.327841,17.415251,0,0.302624
23,99,0.503466,0.000923,-0.059093,0.284816,10.87793,7.87207,0.0,0.188327,14.284439,0.212017,1.6e-05,5.652143,4.157966,1,nan
23,99,0.503466,0.000923,-0.059092,0.284816,10.142822,0.007812,0.0,3.3e-05,15.016617,0.193968,1.6e-05,5.856784,3.753217,1,nan
23,482,0.781256,2e-06,-0.000114,0.64651,58.111511,527.938782,0.076923,10.32269,0.72713,0.050122,0.237697,0.604453,10.8313,0,0.123238
23,482,0.781256,2e-06,-0.000114,0.64651,59.479309,303.828125,0.061538,9.335092,2.643269,0.031653,1.74909,1.145746,11.705933,0,0.228497
23,474,0.746019,0.000388,0.024814,0.556823,63.601807,652.6875,0.0,17.122355,7.943529,0.171152,0.040832,4.227827,20.923919,1,nan
23,474,0.746019,0.000388,0.024813,0.556823,82.806946,295.289551,0.061538,7.859165,2.468344,0.145154,0.019224,2.169455,22.683156,0,0.167336
23,373,0.889635,0.00016,0.010261,1.28142,122.572876,303.975586,0.015385,14.436704,1.217761,0.112918,0.033104,2.179257,36.857097,1,nan
23,373,0.889635,0.00016,0.010261,1.28142,124.253906,189.53418,0.0,9.903418,4.384359,0.124333,0.028237,3.567348,35.686423,1,nan
23,377,0.86994,0.000203,0.013007,1.087357,119.955566,531.212891,0.0,5.604457,8.139738,0.176793,0.031715,6.088881,38.036853,1,nan
23,377,0.86994,0.000203,0.013007,1.087357,133.520752,739.910156,0.0,24.004842,11.143471,0.125033,0.05139,5.822511,36.222143,1,nan
23,337,0.764669,0.000415,0.02659,0.600949,25.204468,74.862946,0.153846,3.386195,0.089489,0.140768,0.038747,0.179579,6.952455,0,0.040543
23,337,0.764669,0.000415,0.026589,0.600949,19.538635,184.4953,0.169231,3.617018,0.600437,0.204338,0.061396,0.798955,6.215697,0,0.164753
23,151,0.846666,0.000499,-0.031947,0.9223,68.34082,277.842773,0.0,6.23178,10.263885,0.16198,0.026932,5.290588,22.836513,1,nan
23,151,0.846666,0.000499,-0.031947,0.9223,71.277954,350.040039,0.0,18.142578,7.574291,0.174954,0.032357,4.416047,23.639446,1,nan
23,475,0.482286,0.000494,0.031644,0.273166,10.598541,41.442383,0.246154,0.538636,0.819985,0.208045,0.027775,0.614959,3.50716,0,0.186806
23,475,0.482286,0.000494,0.031644,0.273166,12.132355,33.129822,0.215385,1.486762,0.210727,0.201546,0.006203,0.382735,3.713679,0,0.11977
23,250,0.83917,0.002909,0.186198,0.879316,95.380615,132.994385,0.123077,5.955683,1.797378,0.022364,1.505941,0.774748,11.338786,0,0.303276
23,250,0.83917,0.002909,0.186198,0.879316,125.319397,47.808594,0.107692,3.05475,2.429276,0.031033,0.195633,1.101552,12.151629,0,0.433289
23,187,0.827631,0.000368,0.023538,0.82046,42.137939,426.200684,0.061538,19.685725,4.322933,0.020433,2.826811,1.746803,11.696511,0,0.228161
23,187,0.827631,0.000368,0.023537,0.82046,48.835625,177.201416,0.046154,3.291003,3.459814,0.018893,2.508071,1.367519,10.912358,0,0.330994
47,454,0.832354,0.002618,-0.167563,0.843567,95.514038,342.529785,0.0,7.327649,4.592498,0.107137,0.075995,2.805757,22.659436,1,nan
47,454,0.832354,0.002618,-0.167564,0.843567,109.22168,654.163086,0.0,23.353189,1.147992,0.059636,1.049821,0.755565,23.910858,1,nan
47,365,0.801039,0.001694,-0.108422,0.710804,93.616821,391.341797,0.0,8.506131,12.24076,0.147936,0.040302,6.441063,28.957866,1,nan
47,365,0.801039,0.001694,-0.108423,0.710804,111.855652,963.481934,0.0,41.203718,5.47223,0.118628,0.082773,3.477068,31.008553,1,nan
47,491,0.420919,0.000166,0.010612,0.244218,13.942932,45.672852,0.0,1.049904,15.06782,0.201735,0.038446,5.986754,4.029595,1,nan
47,491,0.420919,0.000166,0.010612,0.244218,19.219238,89.366211,0.0,1.941725,13.812017,0.161528,0.067052,5.486271,4.703953,1,nan
47,249,0.819529,0.002938,-0.188003,0.783624,50.402954,336.714844,0.076923,14.394973,2.439447,0.100573,0.169565,1.525002,12.634174,0,0.191849
47,249,0.819529,0.002938,-0.188004,0.783624,50.478607,263.013184,0.076923,16.847877,1.529093,0.049055,1.845537,0.864016,11.718787,0,0.156025
47,330,0.365549,0.001414,-0.090481,0.222903,10.565559,23.251221,0.0,1.42199,3.615811,0.121238,0.161306,1.444973,1.631065,1,nan
47,330,0.365549,0.001414,-0.090484,0.222903,10.442429,5.835449,0.0,0.785955,4.092715,0.075144,0.116801,1.561562,1.1972,1,nan
47,424,0.842981,0.00054,0.034592,0.900663,44.96402,56.142578,0.123077,0.872635,1.104584,0.028258,0.906876,0.505145,8.303848,0,0.313606
47,424,0.842981,0.00054,0.034591,0.900663,52.298126,49.450195,0.076923,1.629099,3.807964,0.031721,0.380848,1.512882,9.394111,0,0.42152
47,141,0.853354,0.003193,0.204335,0.964368,56.029602,306.01123,0.0,12.897451,6.497901,0.125901,0.258137,2.718193,10.648932,1,nan
47,141,0.853354,0.003193,0.204334,0.964368,51.391418,342.11377,0.076923,18.197149,0.008732,0.144861,0.232925,0.157261,13.898051,0,0.009933
47,347,0.652529,0.000188,0.012018,0.407001,51.357117,245.161133,0.138462,5.278416,6.272869,0.236635,0.044764,3.927452,16.358758,0,0.246632
47,347,0.652529,0.000188,0.012018,0.407001,52.924194,130.60791,0.107692,1.968793,5.161717,0.245842,0.005617,3.714954,16.667315,0,0.221386
47,460,0.873178,0.002253,0.144207,1.115105,142.097778,259.60498,0.046154,16.03618,4.470556,0.012536,2.520474,1.858666,32.381351,0,0.227043
47,460,0.873178,0.002253,0.144206,1.115105,118.380859,978.940918,0.030769,25.418434,1.164719,0.031797,0.379154,0.930233,31.395693,0,0.115898
47,133,0.831984,0.00118,-0.075519,0.841714,134.386597,790.235771,0.138462,31.256456,0.112765,0.05028,0.841546,0.399492,26.336234,0,0.053818
47,133,0.831984,0.00118,-0.075521,0.841714,121.656738,537.695801,0.0,20.51657,3.979792,0.059072,0.235337,1.81561,24.018171,1,nan
47,192,0.276129,0.000495,0.03168,0.195368,11.371048,3.128906,0.2,0.098927,2.984335,0.234393,7e-06,1.510949,3.865173,0,0.383381
47,192,0.276129,0.000495,0.03168,0.195368,8.587158,25.851562,0.230769,0.829415,4.028356,0.203304,0.004138,1.803046,3.205195,0,0.58453
47,125,0.511168,0.001145,0.073311,0.289305,6.426971,23.395508,0.0,0.418355,6.331604,0.043788,0.862077,2.36347,1.22298,1,nan
47,125,0.511168,0.001145,0.07331,0.289305,5.990997,24.832031,0.0,0.405627,6.329152,0.040104,1.868213,2.369196,1.08992,1,nan
47,159,0.821524,0.001284,0.082195,0.79239,90.627625,221.435547,0.0,7.761865,9.241183,0.161833,0.024353,5.126189,29.089548,1,nan
47,159,0.821524,0.001284,0.082195,0.79239,89.638184,557.026123,0.030769,1.145836,4.900985,0.203615,0.033104,4.368007,31.651406,0,0.155945
47,167,0.515837,6.3e-05,-0.004053,0.292095,11.009766,8.797211,0.261538,0.323709,0.481598,0.184686,0.005804,0.47226,3.52201,0,0.158772
47,167,0.515837,6.3e-05,-0.004049,0.292095,12.727051,49.009766,0.230769,1.457711,0.044421,0.172145,0.010823,0.160897,3.774421,0,0.056721
47,95,0.710596,0.003082,-0.197253,0.488662,22.429413,48.813232,0.169231,0.012265,1.386295,0.162145,0.042132,0.95852,6.568102,0,0.193893
47,95,0.710596,0.003082,-0.197253,0.488662,22.243591,46.512695,0.046154,2.684552,2.251437,0.141569,0.047807,1.159902,5.82793,1,nan
47,273,0.721552,8.3e-05,-0.005324,0.507893,26.269165,47.205078,0.0,0.867816,11.884103,0.194869,0.006269,5.227006,9.493286,1,nan
47,273,0.721552,8.3e-05,-0.005325,0.507893,24.655518,77.489258,0.0,3.568782,14.594146,0.175583,0.036445,5.98181,7.70578,1,nan
47,240,0.265764,1.7e-05,-0.001114,0.19261,9.168365,36.172852,0.0,0.454708,5.647591,0.24923,0.04495,2.373976,2.329035,1,nan
47,240,0.265764,1.7e-05,-0.001113,0.19261,7.863297,24.350098,0.0,0.684234,5.795866,0.233849,0.027179,2.418386,2.428105,1,nan
47,388,0.849726,0.005436,-0.347902,0.941091,31.031006,237.615112,0.123077,4.331478,0.037998,0.128698,0.222739,0.266435,9.176612,0,0.050438
47,388,0.849726,0.005436,-0.347906,0.941091,41.399704,127.481445,0.076923,6.584464,2.251223,0.07742,0.14833,1.262072,9.925722,0,0.209755
47,468,0.863398,0.005062,-0.323966,1.035269,83.593445,155.374512,0.123077,0.970246,0.088375,0.057989,0.011361,0.490969,18.558189,0,0.083828
47,468,0.863398,0.005062,-0.323966,1.035269,73.755432,1212.758545,0.030769,44.21128,2.613605,0.067037,2.015074,2.171463,20.675324,0,0.13903
47,275,0.285688,0.000707,-0.04523,0.197983,9.780807,37.543945,0.0,1.379384,13.316255,0.19521,0.010708,5.297455,3.601464,1,nan
47,275,0.285688,0.000707,-0.045229,0.197983,15.866875,33.805664,0.015385,0.67304,10.904257,0.195593,0.006481,4.598225,6.12415,1,nan
47,282,0.873869,0.000322,0.020603,1.12123,52.975098,381.553711,0.0,7.013233,3.596958,0.180359,0.110001,2.815548,18.930434,1,nan
47,282,0.873869,0.000322,0.020604,1.12123,55.902588,48.861328,0.0,1.366209,3.409223,0.164319,0.003368,2.706678,19.030211,1,nan
47,464,0.823561,0.003134,0.200557,0.801536,76.840027,507.266113,0.076923,19.310744,2.048085,0.045564,1.365577,1.035032,16.296517,0,0.191315
47,464,0.823561,0.003134,0.200558,0.801536,79.47522,418.787109,0.107692,10.294696,2.004765,0.056169,1.637159,1.237961,16.360135,0,0.204437
47,103,0.82258,0.002252,0.144104,0.797096,39.019775,174.562408,0.2,6.116154,0.071105,0.107417,0.189892,0.026525,9.159153,0,0.010868
47,103,0.82258,0.002252,0.144104,0.797096,30.085815,281.075569,0.076923,2.107864,0.066648,0.187392,0.03137,0.127474,9.818066,0,0.01862
47,315,0.634188,0.002632,0.168468,0.386595,12.251785,275.329102,0.184615,4.790331,3.315208,0.235649,0.220551,1.640045,3.530548,0,0.377823
47,315,0.634188,0.002632,0.168462,0.386595,9.783554,0.004883,0.215385,1.4e-05,1.932565,0.233877,9e-06,1.063077,3.410954,0,0.295059
47,158,0.909536,0.002715,-0.173732,1.563288,217.709961,1706.722656,0.030769,24.32268,0.656824,0.111962,0.090746,2.128703,60.394105,0,0.050888
47,158,0.909536,0.002715,-0.173732,1.563288,247.953979,903.227051,0.046154,24.961653,3.42025,0.011287,1.849198,1.796009,61.649593,0,0.176952
47,403,0.817427,0.003749,-0.239932,0.774595,35.790771,598.44043,0.0,9.243056,5.659072,0.194668,0.073344,3.11975,11.471056,1,nan
47,403,0.817427,0.003749,-0.239934,0.774595,53.132477,677.498047,0.0,30.731777,4.634499,0.092936,1.355364,1.773248,12.240916,1,nan
47,134,0.505102,0.000903,-0.057792,0.285758,1.841698,0.003906,0.0,1.6e-05,1.493005,0.199122,7.6e-05,0.596377,0.485375,1,nan
47,134,0.505102,0.000903,-0.057792,0.285758,3.402969,0.153809,0.030769,0.025633,1.560353,0.139491,7.5e-05,0.625855,0.748325,1,nan
47,195,0.837648,0.000356,0.022782,1.742156,87.045776,740.931519,0.030769,45.557719,0.27391,0.137223,0.742862,0.771733,27.179285,0,0.029583
47,195,0.837648,0.000356,0.022781,1.742156,100.341705,1497.01416,0.061538,26.950651,0.217042,0.158637,0.144434,1.515454,26.089258,0,0.106735
47,327,0.800657,0.002639,-0.168907,0.709443,39.264557,440.699219,0.0,1.114213,4.832875,0.218818,0.028904,3.045047,12.977166,1,nan
47,327,0.800657,0.002639,-0.168907,0.709443,55.767822,65.878418,0.0,1.413176,5.874915,0.171253,0.021985,3.09112,12.336375,1,nan
47,178,0.892431,0.000112,-0.007138,1.314708,101.077637,678.513672,0.0,20.425923,4.184923,0.183984,0.062779,3.547496,28.445901,1,nan
47,178,0.892431,0.000112,-0.007138,1.314708,130.145813,787.569336,0.0,12.431374,3.13347,0.034342,0.197437,1.570149,28.640767,1,nan
47,73,0.419104,0.000344,0.022032,0.243453,4.792664,27.920532,0.369231,0.651748,1.426744,0.200358,0.04996,0.661926,1.645988,0,0.481251
47,73,0.419104,0.000344,0.022032,0.243453,4.833145,35.69043,0.369231,0.354875,1.438003,0.191831,0.076225,0.668096,1.660257,0,0.475235
47,309,0.362253,0.000459,-0.029399,0.221752,6.272438,0.001953,0.0,6e-06,3.998336,0.170082,2.2e-05,1.572032,1.191982,1,nan
47,309,0.362253,0.000459,-0.0294,0.221752,6.716263,18.666504,0.0,0.15091,4.163987,0.172721,0.107424,1.647406,1.35021,1,nan
47,336,0.503538,0.00078,-0.04995,0.284859,10.897964,7.349915,0.2,0.145265,0.542742,0.207883,7e-06,0.545121,3.808398,0,0.147861
47,336,0.503538,0.00078,-0.049949,0.284859,14.565857,85.217285,0.261538,3.559193,0.032593,0.183284,0.07908,0.082215,3.602196,0,0.022827
47,204,0.791689,0.00229,0.146543,0.678895,26.15033,164.348877,0.138462,3.742693,0.688093,0.145101,0.053849,0.733887,8.611496,0,0.14938
47,204,0.791689,0.00229,0.146544,0.678895,26.12175,325.850281,0.138462,9.663025,0.063519,0.182563,0.083779,0.33475,8.75319,0,0.04644
47,439,0.835085,0.000816,-0.052236,0.857546,89.674927,149.286186,0.153846,4.608083,0.219983,0.053382,0.098518,0.483986,20.201453,0,0.11274
47,439,0.835085,0.000816,-0.052236,0.857546,74.476379,183.853821,0.107692,16.346373,0.113386,0.084814,0.056894,0.075434,21.057902,0,0.00251
47,422,0.367247,0.000933,0.059709,0.223502,5.753225,0.003418,0.123077,0.00941,1.795268,0.208867,1.1e-05,0.818386,1.664445,1,nan
47,422,0.367247,0.000933,0.059709,0.223502,5.720984,13.897461,0.123077,0.26054,1.653153,0.207394,0.011833,0.745841,1.437556,1,nan
47,44,0.574957,0.000663,0.042402,0.332723,8.976486,38.54248,0.0,0.333822,8.124685,0.200103,0.028199,3.295699,3.093044,1,nan
47,44,0.574957,0.000663,0.0424,0.332723,11.981262,2.310059,0.0,0.121378,6.496548,0.190624,1.1e-05,2.731805,3.757054,1,nan
47,441,0.884436,0.007448,0.476678,1.223763,179.637695,1667.933105,0.061538,30.221724,0.136924,0.075866,1.406404,0.851159,34.507666,0,0.067822
47,441,0.884436,0.007448,0.476677,1.223763,202.40332,622.191406,0.030769,6.301501,5.795661,0.012883,2.672929,2.23226,35.407708,0,0.336586
47,57,0.790575,0.004213,0.269652,0.67528,31.636719,410.98877,0.092308,15.12129,1.91324,0.089552,0.690733,1.078887,7.215131,0,0.17403
47,57,0.790575,0.004213,0.269651,0.67528,37.486603,335.197754,0.076923,8.383243,3.375087,0.075577,0.48285,1.57402,7.890986,0,0.24757
47,379,0.770994,0.002493,-0.159564,0.617547,39.015717,49.585938,0.0,1.113569,1.073883,0.029768,0.98759,0.410046,3.122683,1,nan
47,379,0.770994,0.002493,-0.159564,0.617547,35.218658,88.033867,0.430769,2.476282,0.107219,0.089469,0.143427,0.198949,3.866311,0,0.113903
47,40,0.759729,0.000186,0.011919,0.588588,30.459412,390.734375,0.0,16.456552,16.268225,0.165851,0.26172,6.34337,7.633138,1,nan
47,40,0.759729,0.000186,0.011919,0.588588,35.82019,347.765625,0.0,5.456012,14.153342,0.1455,0.089951,5.74087,9.320985,1,nan
47,72,0.857515,0.001168,0.07478,0.992549,151.764404,1285.341248,0.030769,66.081459,0.223891,0.085888,2.693554,1.212379,42.863832,0,0.056805
47,72,0.857515,0.001168,0.074779,0.992549,117.451416,1046.332031,0.0,60.258622,8.074313,0.143147,0.069475,4.490029,37.934139,1,nan
47,281,0.89187,0.001837,-0.117592,1.30789,46.535522,560.475533,0.046154,5.926805,0.732163,0.15916,0.091157,1.345066,14.781616,0,0.110729
47,281,0.89187,0.001837,-0.117593,1.30789,51.438843,66.108887,0.015385,2.817773,1.025604,0.084787,0.016158,0.885153,11.68808,1,nan
47,284,0.82926,0.000912,-0.058349,0.828281,85.98584,95.551758,0.092308,1.434131,0.947911,0.069308,0.036568,1.033939,19.149463,0,0.13839
47,284,0.82926,0.000912,-0.058348,0.828281,106.961426,658.679688,0.061538,13.66513,2.948712,0.05627,1.784427,1.73403,21.320533,0,0.195148
47,459,0.820414,0.003844,0.245988,0.787476,75.199707,178.837646,0.076923,7.389087,3.251062,0.033262,0.393214,1.452582,12.795414,0,0.269775
47,459,0.820414,0.003844,0.245987,0.787476,55.813477,212.848267,0.107692,10.628862,0.73831,0.09255,0.083912,0.932586,12.573248,0,0.12347
47,262,0.667631,0.000719,0.04601,0.425498,15.67804,193.441406,0.0,4.982008,11.359839,0.187552,0.081075,4.639664,4.012306,1,nan
47,262,0.667631,0.000719,0.04601,0.425498,16.829346,89.726562,0.0,3.265011,8.46219,0.262338,0.046688,3.577602,4.097529,1,nan
47,418,0.571325,0.002005,0.128317,0.329903,8.118317,0.00161,0.584615,0.019096,0.01655,0.140079,3.4e-05,0.043274,2.108804,0,0.043251
47,418,0.571325,0.002005,0.128318,0.329903,8.049828,5.242188,0.538462,0.032287,0.022986,0.158981,0.001889,0.075217,2.137976,0,0.059708
47,383,0.794924,0.001363,0.087255,0.689599,33.262238,65.960449,0.092308,1.936017,2.06998,0.101032,0.041915,1.160993,8.551057,0,0.238926
47,383,0.794924,0.001363,0.087255,0.689599,29.978798,113.307861,0.446154,2.750508,0.775858,0.036857,0.586443,0.301789,7.295947,0,0.187626
47,24,0.291891,0.001138,0.072843,0.199717,5.412003,0.003418,0.0,1.3e-05,2.975983,0.221081,2.2e-05,1.211354,1.06399,1,nan
47,24,0.291891,0.001138,0.072843,0.199717,3.879066,33.444336,0.0,1.041998,2.878258,0.228906,0.072976,1.203608,1.167709,1,nan
47,26,0.773214,0.00469,-0.30018,0.623588,44.46685,6.907227,0.046154,0.153824,9.153893,0.019147,0.037611,3.456865,6.370002,0,0.602467
47,26,0.773214,0.00469,-0.300178,0.623588,34.426613,10.492188,0.061538,0.311893,7.055396,0.020091,0.072114,2.681883,5.751995,0,0.565895
47,22,0.760019,0.003727,0.238497,0.5893,21.713593,14.751709,0.123077,0.57929,1.220126,0.153061,0.038928,0.883357,6.596901,0,0.199009
47,22,0.760019,0.003727,0.238498,0.5893,19.909088,66.82666,0.0,0.887534,3.303754,0.166772,0.032689,1.643442,5.597424,1,nan
47,435,0.738138,0.001507,-0.09648,0.54006,12.969507,222.293549,0.307692,6.466103,0.01402,0.17338,0.111187,0.138009,3.610849,0,0.049545
47,435,0.738138,0.001507,-0.09648,0.54006,11.008911,188.148804,0.292308,3.754194,0.454611,0.136124,0.176397,0.316856,3.164869,0,0.213795
47,186,0.845469,0.000681,-0.043591,0.915152,46.596497,184.136475,0.092308,5.231905,0.920853,0.062198,0.082141,0.708972,12.700364,0,0.142735
47,186,0.845469,0.000681,-0.043592,0.915152,49.142456,202.827637,0.123077,5.614883,0.779187,0.081487,0.109735,0.823863,12.886268,0,0.145191
47,323,0.78887,0.004892,-0.31312,0.669832,60.470398,127.106934,0.076923,4.005255,0.067771,0.116203,0.089669,0.802081,16.768019,0,0.083267
47,323,0.78887,0.004893,-0.313119,0.669832,54.597412,436.871338,0.061538,24.297453,2.492775,0.197213,0.100089,1.982292,15.667662,1,nan
47,92,0.847532,0.003594,-0.230024,0.927546,25.368698,264.340576,0.107692,9.232152,0.825895,0.110257,0.160009,0.806998,7.664876,0,0.148178
47,92,0.847532,0.003594,-0.230023,0.927546,29.64324,286.560715,0.138462,7.818024,0.105579,0.107003,0.205673,0.41444,7.293131,0,0.107857
47,15,0.503233,0.000933,-0.059731,0.284683,20.013,126.917778,0.123077,3.698084,0.067084,0.223815,0.043115,0.111369,5.948216,0,0.016922
47,15,0.503233,0.000933,-0.05973,0.284683,12.849792,0.008301,0.184615,0.015107,2.601126,0.212313,1.1e-05,1.399121,4.63304,0,0.302765
47,70,0.77466,0.002749,0.175934,0.627587,26.819382,137.049438,0.169231,6.515648,0.648926,0.184742,0.070566,0.655785,7.445717,0,0.130428
47,70,0.77466,0.002749,0.175934,0.627587,22.573738,116.370361,0.092308,2.679579,1.243754,0.211829,0.022685,1.114331,7.824837,0,0.144577
47,359,0.676897,0.001145,-0.073256,0.437698,45.476807,180.417969,0.0,1.080732,34.482822,0.190081,0.040197,13.919619,12.479238,1,nan
47,359,0.676897,0.001145,-0.073256,0.437698,67.467285,739.166016,0.0,29.147595,22.506956,0.143078,0.172156,8.932548,15.673448,1,nan
47,366,0.713846,0.002059,0.131769,0.494216,26.578827,307.612427,0.123077,9.26949,0.133292,0.174625,0.107287,0.603272,6.77804,0,0.080578
47,366,0.713846,0.002059,0.131768,0.494216,28.557312,361.13623,0.076923,11.013759,1.930084,0.10479,0.075723,1.08121,6.971992,0,0.166649
47,77,0.82435,0.001112,0.071169,0.805138,27.524071,314.520447,0.169231,1.759948,0.715277,0.253332,0.106755,1.090083,7.10038,0,0.150486
47,77,0.82435,0.001112,0.071169,0.805138,30.094604,148.212646,0.169231,0.15822,1.538931,0.174129,0.121588,1.063385,6.874393,0,0.20768
47,107,0.393393,0.000526,-0.033678,0.233135,6.250809,94.951416,0.092308,3.7948,2.24085,0.155061,0.787194,0.951016,1.199001,1,nan
47,107,0.393393,0.000526,-0.033679,0.233135,6.042187,151.078369,0.092308,4.645355,2.230277,0.17328,0.475754,1.043028,1.784169,1,nan
47,440,0.81135,0.001187,0.07596,0.749644,76.146484,1187.266357,0.092308,27.218103,0.000476,0.170167,0.081184,1.45731,22.29058,0,0.079243
47,440,0.81135,0.001187,0.075961,0.749644,99.981934,74.948242,0.061538,4.434518,1.784995,0.069912,0.007769,1.53897,24.602485,0,0.162575
47,502,0.510469,0.000498,0.031899,0.288891,28.464172,99.570312,0.0,1.130224,16.023428,0.20917,0.008056,6.769905,8.774313,1,nan
47,502,0.510469,0.000498,0.031899,0.288891,26.567627,72.453125,0.0,2.399957,15.566075,0.189686,0.026901,6.54504,9.334533,1,nan
47,411,0.756109,0.001319,-0.084446,0.579856,31.444061,40.76416,0.0,0.557453,4.614544,0.181057,0.020966,2.53031,10.617921,1,nan
47,411,0.756109,0.001319,-0.084446,0.579856,27.909393,81.806641,0.0,1.88329,8.306046,0.14055,0.015196,3.590433,8.73943,1,nan
47,456,0.84955,0.000496,-0.227514,0.939989,129.449829,1352.024292,0.030769,41.023125,0.256367,0.066986,0.169228,1.209524,29.720147,0,0.087749
47,456,0.84955,0.000496,-0.227515,0.939989,143.992432,7.685059,0.015385,0.223211,4.952466,0.002756,3.5e-05,1.875821,30.056154,0,0.297993
47,150,0.866983,0.000533,-0.124904,1.06319,145.497986,186.356689,0.0,6.310749,2.043034,0.060857,0.202769,1.290588,26.324571,1,nan
47,150,0.866983,0.000533,-0.124904,1.06319,122.655762,143.052979,0.107692,3.685138,0.013577,0.046823,0.026971,0.493491,26.08878,0,0.086491
47,96,0.532438,0.000383,-0.024505,0.302467,7.740921,14.136963,0.015385,0.537534,3.60416,0.133394,0.030562,1.432375,1.320243,1,nan
47,96,0.532438,0.000383,-0.024505,0.302467,10.153114,79.919922,0.015385,2.660767,3.959435,0.090689,0.652107,1.578238,1.387159,1,nan
47,39,0.475542,0.001525,-0.097611,0.269653,7.277786,0.001953,0.107692,0.001412,2.805255,0.207018,1.7e-05,1.240334,2.580722,1,nan
47,39,0.475542,0.001525,-0.097612,0.269653,3.781044,13.755859,0.230769,0.360865,1.535251,0.231152,0.023516,0.675657,1.283427,1,nan
47,209,0.793554,0.001441,0.092195,0.685026,24.041901,185.516602,0.0,6.070564,6.038368,0.196736,0.044335,2.99535,7.859976,1,nan
47,209,0.793554,0.001441,0.092195,0.685026,35.5905,392.919708,0.076923,2.883085,0.110898,0.256491,0.023411,1.189026,9.865075,0,0.093891
47,264,0.423704,0.000389,-0.024883,0.245398,20.859573,0.012329,0.138462,3.1e-05,0.075374,0.220704,1.2e-05,0.199947,5.372293,0,0.038193
47,264,0.423704,0.000389,-0.02488,0.245398,21.778122,61.860229,0.107692,2.231305,0.058264,0.227953,0.021579,0.637966,5.87826,0,0.098892
47,415,0.884989,0.000673,0.0431,1.229617,71.288361,478.663452,0.015385,12.833226,1.173234,0.249696,0.081743,1.973363,16.132377,1,nan
47,415,0.884989,0.000673,0.0431,1.229617,50.262085,262.952545,0.061538,5.808675,0.293299,0.208323,0.063235,0.857675,17.234262,0,0.060677
47,10,0.411524,0.000854,-0.054631,0.240319,9.735306,0.008789,0.215385,3.1e-05,2.497682,0.20503,1.2e-05,1.272196,3.917715,0,0.345039
47,10,0.411524,0.000854,-0.05463,0.240319,8.492392,0.007812,0.215385,1.7e-05,3.349554,0.202424,1.8e-05,1.530396,3.293273,0,0.50703
47,222,0.860067,0.000109,-0.006977,1.010632,129.179962,1050.543945,0.0,25.37913,5.031271,0.201749,0.054425,5.355683,39.557956,1,nan
47,222,0.860067,0.000109,-0.006977,1.010632,129.791077,1465.836182,0.015385,26.089122,3.79582,0.230072,0.049719,5.725439,40.010132,1,nan
47,283,0.353022,0.000439,0.042005,0.218588,0.805847,0.001953,0.0,0.000255,4.772009,0.226891,6.5e-05,1.803636,0.299582,1,nan
47,283,0.353022,0.000439,0.042005,0.218588,0.079666,0.001465,0.0,0.0,5.124146,0.203479,0.000223,1.911539,0.13496,1,nan
47,37,0.540247,0.001,0.063987,0.307603,13.264343,83.864746,0.0,1.423714,6.195525,0.210417,0.023865,2.671477,4.684735,1,nan
47,37,0.540247,0.001,0.063986,0.307603,12.504349,0.003906,0.0,2e-06,6.024882,0.20841,1e-05,2.576057,4.422943,1,nan
47,241,0.487925,0.000168,-0.010751,0.276174,11.484406,12.178711,0.0,0.322069,12.236608,0.263118,0.025876,4.948642,3.398869,1,nan
47,241,0.487925,0.000168,-0.01075,0.276174,17.014679,127.681641,0.0,4.536323,9.771176,0.206748,0.047055,4.035852,5.113787,1,nan
47,413,0.702971,4e-05,0.002528,0.476116,28.12439,45.519653,0.123077,1.179529,2.12705,0.133167,0.027074,1.202305,6.446695,0,0.238075
47,413,0.702971,4e-05,0.002528,0.476116,29.30957,31.48999,0.184615,1.111768,0.694274,0.138081,0.022962,0.625994,5.798433,0,0.162983
47,451,0.900473,0.006618,0.423534,1.420941,109.840332,389.876221,0.061538,18.187666,1.205684,0.055466,1.160372,1.125879,24.087716,0,0.124191
47,451,0.900473,0.006618,0.423532,1.420941,105.815796,613.7771,0.061538,4.706804,0.21169,0.111327,0.221556,0.617409,24.385112,0,0.047985
47,223,0.879015,0.000435,-0.027847,1.168907,127.23645,543.368164,0.0,19.102494,5.387391,0.070784,0.372586,2.873305,31.418479,1,nan
47,223,0.879015,0.000435,-0.027847,1.168907,98.941895,399.900391,0.0,11.184628,8.105275,0.167283,0.038612,5.122988,30.811473,1,nan
47,91,0.727877,0.00117,0.07843,0.519693,18.933563,65.937012,0.0,2.026505,4.772962,0.134579,0.122099,2.013554,4.402205,1,nan
47,91,0.727877,0.00117,0.07843,0.519693,14.463013,120.787842,0.0,1.775206,3.915708,0.201421,0.054027,1.816924,4.757788,1,nan
47,220,0.801012,0.001317,-0.084288,0.710701,46.045151,429.091797,0.061538,3.6758,5.988016,0.084114,0.200585,2.662473,11.988837,0,0.310902
47,220,0.801012,0.001317,-0.084287,0.710701,34.794159,488.059814,0.184615,25.573832,0.011683,0.097789,1.389284,0.611716,10.167124,0,0.16927
47,450,0.916117,0.002773,0.177484,1.685952,217.822266,1120.026123,0.015385,49.254329,0.594072,0.085346,0.101366,1.422463,59.308681,1,nan
47,450,0.916117,0.002773,0.177484,1.685952,193.224121,2196.335693,0.015385,118.107787,0.708758,0.114472,2.437701,0.833658,61.265039,0,0.015034
47,67,0.709017,0.002341,-0.1498,0.486013,21.570923,97.278076,0.107692,1.970673,2.030343,0.179564,0.081642,1.211645,5.715098,0,0.226582
47,67,0.709017,0.002341,-0.149801,0.486013,15.280487,0.005028,0.169231,0.086634,0.014865,0.205999,5e-06,0.214908,4.708171,0,0.042225
47,127,0.621351,0.001125,0.071992,0.37349,8.951622,31.159668,0.0,0.61845,6.618337,0.203305,0.028427,2.678389,2.490807,1,nan
47,127,0.621351,0.001125,0.071992,0.37349,11.796005,107.194336,0.0,3.125065,8.14709,0.219902,0.090141,3.413553,3.565094,1,nan
47,45,0.837233,0.001384,0.088605,0.868862,66.572632,181.868164,0.0,7.659549,3.411128,0.11385,0.030816,1.870412,12.006615,1,nan
47,45,0.837233,0.001384,0.088604,0.868862,52.820984,59.588867,0.0,1.482269,9.096158,0.124681,0.045063,3.798025,9.55392,1,nan
47,144,0.891878,0.001695,-0.108479,1.30797,36.042236,416.66272,0.230769,2.513133,0.178119,0.091342,0.97323,0.328851,8.157701,0,0.114834
47,144,0.891878,0.001695,-0.108481,1.30797,38.604004,285.032074,0.138462,4.369539,0.079859,0.105924,0.102485,0.52169,8.288512,0,0.100506
47,36,0.820024,0.00275,-0.17602,0.785785,103.525757,133.669922,0.0,3.390218,5.858223,0.058982,0.017339,2.802744,23.177363,1,nan
47,36,0.820024,0.00275,-0.17602,0.785785,128.741333,60.966942,0.2,2.206027,0.076536,0.030601,0.173061,0.153615,25.649558,0,0.045856
47,314,0.927309,0.004703,-0.301004,1.945565,191.003784,966.925293,0.0,38.736392,5.072099,0.036228,1.96339,2.153721,47.26595,1,nan
47,314,0.927309,0.004703,-0.301005,1.945565,187.136475,1146.307129,0.046154,43.973421,1.615686,0.03182,1.697488,1.415062,49.682961,0,0.139927
47,426,0.677576,0.001319,-0.084393,0.43862,32.191528,190.56707,0.2,5.326568,0.003281,0.155681,0.098241,0.378098,6.737005,0,0.072872
47,426,0.677576,0.001319,-0.084393,0.43862,30.132568,170.730347,0.123077,5.635858,0.039481,0.150586,0.077127,0.398646,7.620427,0,0.070599
47,231,0.861925,0.001298,-0.083093,1.024251,119.139771,1151.140625,0.046154,51.294689,0.088291,0.092152,2.504232,1.510011,29.137945,0,0.082413
47,231,0.861925,0.001298,-0.083094,1.024251,133.497437,260.334473,0.015385,2.393214,5.76929,0.03989,0.160534,2.641255,31.770162,0,0.268738
47,99,0.503466,0.000923,-0.059093,0.284816,5.134644,31.950195,0.0,1.054588,7.942096,0.199379,0.063534,3.081289,1.681627,1,nan
47,99,0.503466,0.000923,-0.059092,0.284816,2.846375,7.322266,0.0,0.151173,9.114075,0.209057,0.048052,3.484292,1.094241,1,nan
47,482,0.781256,2e-06,-0.000114,0.64651,75.499878,87.882568,0.123077,2.641815,1.849052,0.02319,0.630217,0.690216,8.197955,0,0.373081
47,482,0.781256,2e-06,-0.000114,0.64651,76.286011,366.395508,0.138462,9.433607,3.038715,0.028803,2.265633,1.258262,8.772794,0,0.298538
47,474,0.746019,0.000388,0.024814,0.556823,77.220215,579.188477,0.0,6.413608,16.257727,0.200466,0.010314,8.334426,25.844665,1,nan
47,474,0.746019,0.000388,0.024813,0.556823,82.137817,290.834961,0.015385,9.910317,9.354297,0.193605,0.02037,5.841089,29.28282,1,nan
47,373,0.889635,0.00016,0.010261,1.28142,133.86499,806.008484,0.092308,38.090711,0.187779,0.031344,0.253441,0.285481,37.116643,0,0.050903
47,373,0.889635,0.00016,0.010261,1.28142,120.354248,1244.839355,0.0,25.46396,4.026209,0.158497,0.105781,3.769275,35.169441,1,nan
47,377,0.86994,0.000203,0.013007,1.087357,152.583008,616.447266,0.0,12.764272,8.011937,0.061836,0.122427,3.921971,40.342149,1,nan
47,377,0.86994,0.000203,0.013007,1.087357,149.247314,836.791016,0.0,32.777466,7.29148,0.092259,0.197462,3.770413,40.626051,1,nan
47,337,0.764669,0.000415,0.02659,0.600949,18.856354,141.956543,0.0,1.156427,3.772931,0.216443,0.068054,1.929434,5.18909,1,nan
47,337,0.764669,0.000415,0.026589,0.600949,21.011463,140.962891,0.030769,3.49773,3.3712,0.207174,0.038585,1.820711,5.418571,1,nan
47,151,0.846666,0.000499,-0.031947,0.9223,49.997437,281.511719,0.0,1.007774,10.438859,0.16229,0.058828,4.927031,15.408741,1,nan
47,151,0.846666,0.000499,-0.031947,0.9223,55.941528,703.321167,0.046154,22.57651,1.467161,0.159095,0.093872,1.65742,18.353427,1,nan
47,475,0.482286,0.000494,0.031644,0.273166,6.126511,0.004395,0.0,2e-06,3.502639,0.156407,2.3e-05,1.415997,1.625573,1,nan
47,475,0.482286,0.000494,0.031644,0.273166,7.248672,0.005615,0.0,1.1e-05,3.165363,0.180565,2.5e-05,1.299203,1.528926,1,nan
47,250,0.83917,0.002909,0.186198,0.879316,106.915161,40.243164,0.076923,0.070206,4.357931,0.015482,0.158779,1.734539,20.224816,0,0.306503
47,250,0.83917,0.002909,0.186198,0.879316,132.908691,112.678711,0.030769,2.126513,5.637712,0.001782,0.724086,2.119366,20.586218,0,0.39267
47,187,0.827631,0.000368,0.023538,0.82046,69.494507,550.40332,0.046154,16.082323,5.918331,0.04301,0.243488,2.639752,15.095061,0,0.276794
47,187,0.827631,0.000368,0.023537,0.82046,84.507263,228.659668,0.030769,6.190936,7.117641,0.033773,0.351091,2.977045,15.384026,0,0.36644
