model,direction,epsilon,law,zone_risk,centroid_mse,split
raw_single_channel_phase_gat_team_mean_seed11,-,0.0,clean,0.03125,0.003119918743082362,source
raw_single_channel_phase_gat_team_mean_seed11,-,0.0,clean,0.03125,0.002975289256596033,target
raw_single_channel_phase_gat_team_mean_seed11,vx,0.05,Q_ref,0.03387451171875,0.0029539290339591676,target
raw_single_channel_phase_gat_team_mean_seed11,vx,0.05,Q_coherent,0.03431285511363634,0.0029526890287222894,target
raw_single_channel_phase_gat_team_mean_seed11,vx,0.05,Q_source_greedy,0.033203125,0.0029383641681603847,target
raw_single_channel_phase_gat_team_mean_seed11,vx,0.05,Q_source_dro,0.03387433539061867,0.0029539441944822636,target
raw_single_channel_phase_gat_team_mean_seed11,vx,0.05,Q_whitebox,0.0546875,nan,target
raw_single_channel_phase_gat_team_mean_seed11,vx,0.15,Q_ref,0.0389404296875,0.0029472952475680303,target
raw_single_channel_phase_gat_team_mean_seed11,vx,0.15,Q_coherent,0.03879616477272725,0.002946543747594138,target
raw_single_channel_phase_gat_team_mean_seed11,vx,0.15,Q_source_greedy,0.037109375,0.0029408959699144164,target
raw_single_channel_phase_gat_team_mean_seed11,vx,0.15,Q_source_dro,0.03894112644963704,0.0029472670799446645,target
raw_single_channel_phase_gat_team_mean_seed11,vx,0.15,Q_whitebox,0.0703125,nan,target
raw_single_channel_phase_gat_team_mean_seed11,vy,0.05,Q_ref,0.0325927734375,0.0029746304395135113,target
raw_single_channel_phase_gat_team_mean_seed11,vy,0.05,Q_coherent,0.032315340909090884,0.00297996666353846,target
raw_single_channel_phase_gat_team_mean_seed11,vy,0.05,Q_source_greedy,0.03125,0.002946254771629502,target
raw_single_channel_phase_gat_team_mean_seed11,vy,0.05,Q_source_dro,0.03259357549114077,0.0029746441138471277,target
raw_single_channel_phase_gat_team_mean_seed11,vy,0.05,Q_whitebox,0.0546875,nan,target
raw_single_channel_phase_gat_team_mean_seed11,vy,0.15,Q_ref,0.039306640625,0.0029631730510103907,target
raw_single_channel_phase_gat_team_mean_seed11,vy,0.15,Q_coherent,0.03888494318181816,0.0029645290979334544,target
raw_single_channel_phase_gat_team_mean_seed11,vy,0.15,Q_source_greedy,0.041015625,0.0029061329456300383,target
raw_single_channel_phase_gat_team_mean_seed11,vy,0.15,Q_source_dro,0.039303043149713175,0.002963207781163366,target
raw_single_channel_phase_gat_team_mean_seed11,vy,0.15,Q_whitebox,0.0703125,nan,target
raw_single_channel_phase_gat_team_mean_seed23,-,0.0,clean,0.0,0.005413746928865197,source
raw_single_channel_phase_gat_team_mean_seed23,-,0.0,clean,0.015625,0.00422513569251195,target
raw_single_channel_phase_gat_team_mean_seed23,vx,0.05,Q_ref,0.0103759765625,0.004202606740546449,target
raw_single_channel_phase_gat_team_mean_seed23,vx,0.05,Q_coherent,0.010298295454545449,0.00420146474246323,target
raw_single_channel_phase_gat_team_mean_seed23,vx,0.05,Q_source_greedy,0.009765625,0.004191304095342041,target
raw_single_channel_phase_gat_team_mean_seed23,vx,0.05,Q_source_dro,0.010376245431973406,0.004202602617459129,target
raw_single_channel_phase_gat_team_mean_seed23,vx,0.05,Q_whitebox,0.0234375,nan,target
raw_single_channel_phase_gat_team_mean_seed23,vx,0.15,Q_ref,0.01409912109375,0.004265789871788041,target
raw_single_channel_phase_gat_team_mean_seed23,vx,0.15,Q_coherent,0.013805042613636355,0.004268875854903388,target
raw_single_channel_phase_gat_team_mean_seed23,vx,0.15,Q_source_greedy,0.013671875,0.00423701869148619,target
raw_single_channel_phase_gat_team_mean_seed23,vx,0.15,Q_source_dro,0.014098139710813546,0.004265784501357424,target
raw_single_channel_phase_gat_team_mean_seed23,vx,0.15,Q_whitebox,0.0234375,nan,target
raw_single_channel_phase_gat_team_mean_seed23,vy,0.05,Q_ref,0.0096435546875,0.0042121332339701365,target
raw_single_channel_phase_gat_team_mean_seed23,vy,0.05,Q_coherent,0.009765624999999995,0.004212191865132654,target
raw_single_channel_phase_gat_team_mean_seed23,vy,0.05,Q_source_greedy,0.01171875,0.004174493478839346,target
raw_single_channel_phase_gat_team_mean_seed23,vy,0.05,Q_source_dro,0.009644242232179127,0.00421212619342342,target
raw_single_channel_phase_gat_team_mean_seed23,vy,0.05,Q_whitebox,0.0234375,nan,target
raw_single_channel_phase_gat_team_mean_seed23,vy,0.15,Q_ref,0.01361083984375,0.004239877512156112,target
raw_single_channel_phase_gat_team_mean_seed23,vy,0.15,Q_coherent,0.013893821022727265,0.004243987330695876,target
raw_single_channel_phase_gat_team_mean_seed23,vy,0.15,Q_source_greedy,0.01171875,0.004219053830995376,target
raw_single_channel_phase_gat_team_mean_seed23,vy,0.15,Q_source_dro,0.0136104484518005,0.00423986238987011,target
raw_single_channel_phase_gat_team_mean_seed23,vy,0.15,Q_whitebox,0.0234375,nan,target
raw_single_channel_phase_gat_team_mean_seed47,-,0.0,clean,0.0078125,0.003122763197472407,source
raw_single_channel_phase_gat_team_mean_seed47,-,0.0,clean,0.015625,0.002598408441349862,target
raw_single_channel_phase_gat_team_mean_seed47,vx,0.05,Q_ref,0.01470947265625,0.002547197438919978,target
raw_single_channel_phase_gat_team_mean_seed47,vx,0.05,Q_coherent,0.014781605113636354,0.0025483499305215007,target
raw_single_channel_phase_gat_team_mean_seed47,vx,0.05,Q_source_greedy,0.015625,0.0025450563788335934,target
raw_single_channel_phase_gat_team_mean_seed47,vx,0.05,Q_source_dro,0.014709282920178705,0.0025471971342358206,target
raw_single_channel_phase_gat_team_mean_seed47,vx,0.05,Q_whitebox,0.015625,nan,target
raw_single_channel_phase_gat_team_mean_seed47,vx,0.15,Q_ref,0.01446533203125,0.0025809384241701205,target
raw_single_channel_phase_gat_team_mean_seed47,vx,0.15,Q_coherent,0.014426491477272717,0.0025826556995419553,target
raw_single_channel_phase_gat_team_mean_seed47,vx,0.15,Q_source_greedy,0.01171875,0.0025504575272734214,target
raw_single_channel_phase_gat_team_mean_seed47,vx,0.15,Q_source_dro,0.014464392534223481,0.002580929316657858,target
raw_single_channel_phase_gat_team_mean_seed47,vx,0.15,Q_whitebox,0.0234375,nan,target
raw_single_channel_phase_gat_team_mean_seed47,vy,0.05,Q_ref,0.01324462890625,0.002552732957080547,target
raw_single_channel_phase_gat_team_mean_seed47,vy,0.05,Q_coherent,0.013183593749999993,0.002553203680871757,target
raw_single_channel_phase_gat_team_mean_seed47,vy,0.05,Q_source_greedy,0.015625,0.0025371954267938033,target
raw_single_channel_phase_gat_team_mean_seed47,vy,0.05,Q_source_dro,0.013244641642569562,0.002552727923135577,target
raw_single_channel_phase_gat_team_mean_seed47,vy,0.05,Q_whitebox,0.0234375,nan,target
raw_single_channel_phase_gat_team_mean_seed47,vy,0.15,Q_ref,0.01422119140625,0.0025672044985056274,target
raw_single_channel_phase_gat_team_mean_seed47,vy,0.15,Q_coherent,0.01442649147727272,0.0025699822110688882,target
raw_single_channel_phase_gat_team_mean_seed47,vy,0.15,Q_source_greedy,0.015625,0.0025811162810307916,target
raw_single_channel_phase_gat_team_mean_seed47,vy,0.15,Q_source_dro,0.01422066750187211,0.0025672170204545236,target
raw_single_channel_phase_gat_team_mean_seed47,vy,0.15,Q_whitebox,0.0234375,nan,target
