111_regression_n,J,J_diff_all,J_diff_all_parent_boot95,J_diff_common_retained,J_diff_common_retained_boot95,J_retained,P_start,arm,arm_label,baseline,baseline110_n,baseline110_n_retained,baseline111_n,coverage_quartet,flip_err_all,flip_err_diff_common_retained,flip_err_diff_common_retained_boot95,flip_err_retained,flip_err_retained_startok,flip_n_retained,full_repair_n,full_repair_n_retained,keep_err_all,keep_err_diff_common_retained,keep_err_diff_common_retained_boot95,keep_err_retained,keep_err_retained_startok,keep_n_retained,migration_n,n_common_retained_quartets,n_parents,n_quartets,row_type,seed
,0.6415094339622641,,,,,0.5569620253164557,0.9937106918238994,pretrained_flip,BCE-only,,,10,,0.4968553459119497,0.1069182389937107,,,0.12658227848101267,0.12658227848101267,79,,44,0.15723270440251572,,,0.16455696202531644,0.16455696202531644,158,,,74,159,arm,803
,0.6981132075471698,,,,,0.6119402985074627,1.0,pretrained_flip,BCE-only,,,6,,0.42138364779874216,0.09433962264150944,,,0.08955223880597014,0.08955223880597014,67,,41,0.1289308176100629,,,0.16417910447761194,0.16417910447761194,134,,,74,159,arm,805
,0.710691823899371,,,,,0.6785714285714286,1.0,pretrained_flip,BCE-only,,,7,,0.5283018867924528,0.0880503144654088,,,0.08333333333333333,0.08333333333333333,84,,57,0.11949685534591195,,,0.13095238095238096,0.13095238095238096,168,,,74,159,arm,806
,0.7169811320754716,,,,,0.6885245901639344,0.9811320754716981,ordered,ordered rel10,,,3,,0.3836477987421384,0.08176100628930817,,,0.04918032786885246,0.04918032786885246,61,,42,0.11635220125786164,,,0.13934426229508196,0.13934426229508196,122,,,74,159,arm,803
,0.6415094339622641,,,,,0.6666666666666666,1.0,ordered,ordered rel10,,,5,,0.4339622641509434,0.06918238993710692,,,0.07246376811594203,0.07246376811594203,69,,46,0.16666666666666666,,,0.13768115942028986,0.13768115942028986,138,,,74,159,arm,805
,0.7295597484276729,,,,,0.7222222222222222,1.0,ordered,ordered rel10,,,5,,0.4528301886792453,0.07547169811320754,,,0.06944444444444445,0.06944444444444445,72,,52,0.1069182389937107,,,0.11805555555555555,0.11805555555555555,144,,,74,159,arm,806
,0.6981132075471698,,,,,0.6829268292682927,1.0,matched,matched rel10,,,5,,0.5157232704402516,0.07547169811320754,,,0.06097560975609756,0.06097560975609756,82,,56,0.1320754716981132,,,0.13414634146341464,0.13414634146341464,164,,,74,159,arm,803
,0.6729559748427673,,,,,0.7,1.0,matched,matched rel10,,,10,,0.5031446540880503,0.1069182389937107,,,0.125,0.125,80,,56,0.1320754716981132,,,0.1,0.1,160,,,74,159,arm,805
,0.7044025157232704,,,,,0.5142857142857142,1.0,matched,matched rel10,,,6,,0.22012578616352202,0.08176100628930817,,,0.17142857142857143,0.17142857142857143,35,,18,0.12264150943396226,,,0.17142857142857143,0.17142857142857143,70,,,74,159,arm,806
,0.5660377358490566,,,,,0.5308641975308642,0.9937106918238994,shuffled_matched,shuffled-matched,,,20,,0.5094339622641509,0.18867924528301888,,,0.25925925925925924,0.25925925925925924,81,,43,0.1509433962264151,,,0.12345679012345678,0.12345679012345678,162,,,74,159,arm,803
,0.7044025157232704,,,,,0.6615384615384615,0.9874213836477987,shuffled_matched,shuffled-matched,,,4,,0.4088050314465409,0.10062893081761007,,,0.07692307692307693,0.07692307692307693,65,,43,0.12264150943396226,,,0.14615384615384616,0.14615384615384616,130,,,74,159,arm,805
,0.7421383647798742,,,,,0.68,1.0,shuffled_matched,shuffled-matched,,,6,,0.4716981132075472,0.07547169811320754,,,0.08,0.08,75,,51,0.10062893081761007,,,0.12666666666666668,0.12666666666666668,150,,,74,159,arm,806
8,,-0.018867924528301886,"[-0.07236842105263158, 0.030864197530864196]",0.0,"[-0.058823529411764705, 0.05555555555555555]",,,matched,matched rel10,ordered,12,,114,,,0.0,"[-0.061232339089481946, 0.0625]",,,,3,,,0.0,"[0.0, 0.0]",,,,0,48,,,pair,803
7,,0.031446540880503145,"[-0.033715508675380264, 0.1032258064516129]",0.0,"[-0.05263157894736842, 0.06]",,,matched,matched rel10,ordered,10,,102,,,0.07407407407407407,"[0.0, 0.16666666666666666]",,,,1,,,-0.037037037037037035,"[-0.09093228200371058, 0.0]",,,,0,54,,,pair,805
9,,-0.025157232704402517,"[-0.09259565857247976, 0.03205645161290319]",0.0,"[0.0, 0.0]",,,matched,matched rel10,ordered,12,,116,,,0.0,"[0.0, 0.0]",,,,3,,,0.0,"[0.0, 0.0]",,,,0,25,,,pair,806
6,,0.05660377358490566,"[-0.011836080586080586, 0.1394017379679144]",0.09836065573770492,"[0.0, 0.2222222222222222]",,,matched,matched rel10,pretrained_flip,16,,102,,,-0.04918032786885246,"[-0.12, 0.018518518518518517]",,,,6,,,-0.02459016393442623,"[-0.07894736842105263, 0.0]",,,,0,61,,,pair,803
7,,-0.025157232704402517,"[-0.07335185185185185, 0.01744699042407658]",0.0,"[-0.043478260869565216, 0.05172413793103448]",,,matched,matched rel10,pretrained_flip,12,,111,,,0.03278688524590164,"[-0.041681338028169014, 0.1166911764705881]",,,,2,,,-0.01639344262295082,"[-0.0625, 0.016666666666666666]",,,,0,61,,,pair,805
8,,-0.006289308176100629,"[-0.06832723559942143, 0.04938441188441187]",-0.03125,"[-0.12130681818181818, 0.0]",,,matched,matched rel10,pretrained_flip,12,,113,,,0.03125,"[0.0, 0.125]",,,,2,,,0.0,"[0.0, 0.0]",,,,2,32,,,pair,806
8,,0.1320754716981132,"[0.03749417701863354, 0.23335443037974674]",0.06779661016949153,"[-0.05555555555555555, 0.2065311094452773]",,,matched,matched rel10,shuffled_matched,29,,90,,,-0.1016949152542373,"[-0.23171173559561684, 0.0]",,,,18,,,0.01694915254237288,"[0.0, 0.04387426900584787]",,,,1,59,,,pair,803
6,,-0.031446540880503145,"[-0.07831620600047248, 0.006494567523979283]",0.0,"[0.0, 0.0]",,,matched,matched rel10,shuffled_matched,12,,112,,,0.03571428571428571,"[0.0, 0.12003030303030286]",,,,0,,,-0.026785714285714284,"[-0.07463619402985074, 0.0]",,,,0,56,,,pair,805
8,,-0.03773584905660377,"[-0.09581043392666722, 0.01111423220973781]",-0.03333333333333333,"[-0.13333333333333333, 0.0]",,,matched,matched rel10,shuffled_matched,12,,118,,,0.03333333333333333,"[0.0, 0.13337837837837813]",,,,1,,,0.0,"[0.0, 0.0]",,,,1,30,,,pair,806
4,,0.07547169811320754,"[0.017849310776942354, 0.14935939808694296]",0.075,"[0.0, 0.24330970314576836]",,,ordered,ordered rel10,pretrained_flip,16,,102,,,0.0,"[0.0, 0.0]",,,,7,,,-0.0375,"[-0.12004054054054053, 0.0]",,,,0,40,,,pair,803
14,,-0.05660377358490566,"[-0.12328989503647038, 0.0]",-0.02040816326530612,"[-0.1, 0.046511627906976744]",,,ordered,ordered rel10,pretrained_flip,12,,111,,,-0.02040816326530612,"[-0.06666666666666667, 0.0]",,,,4,,,0.02040816326530612,"[0.0, 0.054061398354876576]",,,,0,49,,,pair,805
4,,0.018867924528301886,"[-0.02564102564102564, 0.07407407407407407]",-0.01818181818181818,"[-0.08163265306122448, 0.04]",,,ordered,ordered rel10,pretrained_flip,12,,113,,,0.01818181818181818,"[-0.046511627906976744, 0.08825163398692802]",,,,3,,,0.0,"[0.0, 0.0]",,,,1,55,,,pair,806
20,,-0.07547169811320754,"[-0.17284544159544157, 0.006945658508158501]",0.018518518518518517,"[-0.06521739130434782, 0.10347400926402456]",,,shuffled_matched,shuffled-matched,pretrained_flip,16,,102,,,0.07407407407407407,"[-0.023809523809523808, 0.20969864176570446]",,,,3,,,-0.046296296296296294,"[-0.1136525974025974, 0.0]",,,,0,54,,,pair,803
4,,0.006289308176100629,"[-0.03125, 0.049689440993788817]",0.0,"[-0.04411764705882353, 0.05084745762711865]",,,shuffled_matched,shuffled-matched,pretrained_flip,12,,111,,,0.0,"[-0.05265507518796992, 0.04445273631840792]",,,,2,,,0.00819672131147541,"[0.0, 0.02586206896551724]",,,,0,61,,,pair,805
3,,0.031446540880503145,"[-0.0125, 0.08125]",0.031746031746031744,"[-0.02598257006151743, 0.09526098901098888]",,,shuffled_matched,shuffled-matched,pretrained_flip,12,,113,,,-0.031746031746031744,"[-0.09231481481481482, 0.03031468531468525]",,,,3,,,0.0,"[0.0, 0.0]",,,,1,63,,,pair,806
