model_id,architecture,graph_id,role_group,epsilon,n_pairs,frequency_residual_mean,frequency_residual_max,topology_residual_mean,topology_residual_max,raw_scg_frequency_residual_corr,raw_scg_topology_residual_corr,normalized_scg_frequency_residual_corr,normalized_scg_topology_residual_corr
deepsets_ae_seed11,DeepSets-AE,delaunay,defender,0.25,933,0.3478634823,1.05204743895,2.14879503128,10.8261694546,0.0811739049403,-0.147770371285,0.0811739049403,-0.147770371285
deepsets_ae_seed11,DeepSets-AE,delaunay,defender,0.5,794,0.353048887089,0.945507841791,2.16475955983,10.8261694546,0.0944903614423,-0.14725639939,0.0944903614423,-0.14725639939
deepsets_ae_seed11,DeepSets-AE,delaunay,forward,0.25,1318,0.358964481978,1.18553978617,0.696662455271,7.1475084619,-0.0379040647459,0.0116358471689,-0.0379040647459,0.0116358471689
deepsets_ae_seed11,DeepSets-AE,delaunay,forward,0.5,1154,0.366260458265,1.27713757544,0.683184426528,6.6731504632,0.0212286530639,0.00924420131743,0.0212286530639,0.00924420131743
deepsets_ae_seed11,DeepSets-AE,delaunay,midfielder,0.25,1306,0.393509087689,1.12389919007,1.32606567989,7.63641812451,-0.0118414760733,0.0122036367484,-0.0118414760733,0.0122036367484
deepsets_ae_seed11,DeepSets-AE,delaunay,midfielder,0.5,1181,0.399974498328,1.12389919007,1.37286363076,7.63641812451,-0.0164972538258,-0.00980134269073,-0.0164972538258,-0.00980134269073
deepsets_ae_seed11,DeepSets-AE,knn4,defender,0.25,996,0.415795073575,1.20679867478,1.92874845462,10.7629119807,0.0267205606914,-0.103388880925,0.0267205606914,-0.103388880925
deepsets_ae_seed11,DeepSets-AE,knn4,defender,0.5,833,0.427078821671,1.20679867478,1.85636135492,10.7629119807,0.0169167189193,-0.0892091785847,0.0169167189193,-0.0892091785847
deepsets_ae_seed11,DeepSets-AE,knn4,forward,0.25,1326,0.453587746995,1.33595546383,0.729335061928,10.7080771201,-0.0878384694064,-0.000568368404796,-0.0878384694064,-0.000568368404796
deepsets_ae_seed11,DeepSets-AE,knn4,forward,0.5,1163,0.457723712302,1.33773860515,0.725329619141,10.7080771201,-0.0733449913756,-0.00232637096298,-0.0733449913756,-0.00232637096298
deepsets_ae_seed11,DeepSets-AE,knn4,midfielder,0.25,1299,0.465602312331,1.63525324703,1.51731410692,13.0179724173,0.065619242591,0.0758935781725,0.065619242591,0.0758935781725
deepsets_ae_seed11,DeepSets-AE,knn4,midfielder,0.5,1174,0.466942099081,1.63525324703,1.58088389315,13.0179724173,0.0560748886568,0.0589864774555,0.0560748886568,0.0589864774555
deepsets_ae_seed23,DeepSets-AE,delaunay,defender,0.25,933,0.3478634823,1.05204743895,2.14879503128,10.8261694546,0.0733949394202,-0.0472258046717,0.0733949394202,-0.0472258046717
deepsets_ae_seed23,DeepSets-AE,delaunay,defender,0.5,794,0.353048887089,0.945507841791,2.16475955983,10.8261694546,0.0807264299895,-0.0560269099922,0.0807264299895,-0.0560269099922
deepsets_ae_seed23,DeepSets-AE,delaunay,forward,0.25,1318,0.358964481978,1.18553978617,0.696662455271,7.1475084619,-0.0622199806977,-0.0147141093815,-0.0622199806977,-0.0147141093815
deepsets_ae_seed23,DeepSets-AE,delaunay,forward,0.5,1154,0.366260458265,1.27713757544,0.683184426528,6.6731504632,-0.0484144471744,0.0121103961924,-0.0484144471744,0.0121103961924
deepsets_ae_seed23,DeepSets-AE,delaunay,midfielder,0.25,1306,0.393509087689,1.12389919007,1.32606567989,7.63641812451,0.0478105112313,0.00209024313559,0.0478105112313,0.00209024313559
deepsets_ae_seed23,DeepSets-AE,delaunay,midfielder,0.5,1181,0.399974498328,1.12389919007,1.37286363076,7.63641812451,0.0211994675857,-0.0326088924587,0.0211994675857,-0.0326088924587
deepsets_ae_seed23,DeepSets-AE,knn4,defender,0.25,996,0.415795073575,1.20679867478,1.92874845462,10.7629119807,0.0250612456444,-0.0529194001958,0.0250612456444,-0.0529194001958
deepsets_ae_seed23,DeepSets-AE,knn4,defender,0.5,833,0.427078821671,1.20679867478,1.85636135492,10.7629119807,0.045455187658,-0.066837646817,0.045455187658,-0.066837646817
deepsets_ae_seed23,DeepSets-AE,knn4,forward,0.25,1326,0.453587746995,1.33595546383,0.729335061928,10.7080771201,-0.0714134815384,-0.0553560343929,-0.0714134815384,-0.0553560343929
deepsets_ae_seed23,DeepSets-AE,knn4,forward,0.5,1163,0.457723712302,1.33773860515,0.725329619141,10.7080771201,-0.0307462484573,-0.0515443456079,-0.0307462484573,-0.0515443456079
deepsets_ae_seed23,DeepSets-AE,knn4,midfielder,0.25,1299,0.465602312331,1.63525324703,1.51731410692,13.0179724173,0.0329118650232,0.0485610636453,0.0329118650232,0.0485610636453
deepsets_ae_seed23,DeepSets-AE,knn4,midfielder,0.5,1174,0.466942099081,1.63525324703,1.58088389315,13.0179724173,0.0194282213755,0.0280547806149,0.0194282213755,0.0280547806149
deepsets_ae_seed47,DeepSets-AE,delaunay,defender,0.25,933,0.3478634823,1.05204743895,2.14879503128,10.8261694546,0.0723865310105,-0.145935279878,0.0723865310105,-0.145935279878
deepsets_ae_seed47,DeepSets-AE,delaunay,defender,0.5,794,0.353048887089,0.945507841791,2.16475955983,10.8261694546,0.072463580376,-0.1563322653,0.072463580376,-0.1563322653
deepsets_ae_seed47,DeepSets-AE,delaunay,forward,0.25,1318,0.358964481978,1.18553978617,0.696662455271,7.1475084619,-0.0327184928539,-0.00151192363558,-0.0327184928539,-0.00151192363558
deepsets_ae_seed47,DeepSets-AE,delaunay,forward,0.5,1154,0.366260458265,1.27713757544,0.683184426528,6.6731504632,-0.00981350462303,0.0128618454039,-0.00981350462303,0.0128618454039
deepsets_ae_seed47,DeepSets-AE,delaunay,midfielder,0.25,1306,0.393509087689,1.12389919007,1.32606567989,7.63641812451,-0.0145885654909,-0.0194590926577,-0.0145885654909,-0.0194590926577
deepsets_ae_seed47,DeepSets-AE,delaunay,midfielder,0.5,1181,0.399974498328,1.12389919007,1.37286363076,7.63641812451,-0.0385455296641,-0.0113601620833,-0.0385455296641,-0.0113601620833
deepsets_ae_seed47,DeepSets-AE,knn4,defender,0.25,996,0.415795073575,1.20679867478,1.92874845462,10.7629119807,0.00180622545003,-0.0660878983985,0.00180622545003,-0.0660878983985
deepsets_ae_seed47,DeepSets-AE,knn4,defender,0.5,833,0.427078821671,1.20679867478,1.85636135492,10.7629119807,0.00659005319509,-0.0797739178223,0.00659005319509,-0.0797739178223
deepsets_ae_seed47,DeepSets-AE,knn4,forward,0.25,1326,0.453587746995,1.33595546383,0.729335061928,10.7080771201,-0.0595696285713,0.029285548174,-0.0595696285713,0.029285548174
deepsets_ae_seed47,DeepSets-AE,knn4,forward,0.5,1163,0.457723712302,1.33773860515,0.725329619141,10.7080771201,-0.0473934353015,0.0211676034342,-0.0473934353015,0.0211676034342
deepsets_ae_seed47,DeepSets-AE,knn4,midfielder,0.25,1299,0.465602312331,1.63525324703,1.51731410692,13.0179724173,0.0199696051027,0.104019228419,0.0199696051027,0.104019228419
deepsets_ae_seed47,DeepSets-AE,knn4,midfielder,0.5,1174,0.466942099081,1.63525324703,1.58088389315,13.0179724173,0.018302596777,0.0674667366745,0.018302596777,0.0674667366745
gat_ae_seed11,GAT-small-AE,delaunay,defender,0.25,933,0.3478634823,1.05204743895,2.14879503128,10.8261694546,0.0999489545635,-0.182739596914,0.0999489545635,-0.182739596914
gat_ae_seed11,GAT-small-AE,delaunay,defender,0.5,794,0.353048887089,0.945507841791,2.16475955983,10.8261694546,0.0929994709752,-0.174411068626,0.0929994709752,-0.174411068626
gat_ae_seed11,GAT-small-AE,delaunay,forward,0.25,1318,0.358964481978,1.18553978617,0.696662455271,7.1475084619,-0.0226233250734,-0.034986381352,-0.0226233250734,-0.034986381352
gat_ae_seed11,GAT-small-AE,delaunay,forward,0.5,1154,0.366260458265,1.27713757544,0.683184426528,6.6731504632,0.0142311100605,-0.0198217345388,0.0142311100605,-0.0198217345388
gat_ae_seed11,GAT-small-AE,delaunay,midfielder,0.25,1306,0.393509087689,1.12389919007,1.32606567989,7.63641812451,-0.0229151200647,0.0542998586419,-0.0229151200647,0.0542998586419
gat_ae_seed11,GAT-small-AE,delaunay,midfielder,0.5,1181,0.399974498328,1.12389919007,1.37286363076,7.63641812451,-0.0341478927814,0.058565906694,-0.0341478927814,0.058565906694
gat_ae_seed11,GAT-small-AE,knn4,defender,0.25,996,0.415795073575,1.20679867478,1.92874845462,10.7629119807,0.0589698797116,-0.157684634976,0.0589698797116,-0.157684634976
gat_ae_seed11,GAT-small-AE,knn4,defender,0.5,833,0.427078821671,1.20679867478,1.85636135492,10.7629119807,0.0442383966841,-0.163185323352,0.0442383966841,-0.163185323352
gat_ae_seed11,GAT-small-AE,knn4,forward,0.25,1326,0.453587746995,1.33595546383,0.729335061928,10.7080771201,-0.0288495738232,-0.0139197398624,-0.0288495738232,-0.0139197398624
gat_ae_seed11,GAT-small-AE,knn4,forward,0.5,1163,0.457723712302,1.33773860515,0.725329619141,10.7080771201,-0.0248311712172,-0.0125129476152,-0.0248311712172,-0.0125129476152
gat_ae_seed11,GAT-small-AE,knn4,midfielder,0.25,1299,0.465602312331,1.63525324703,1.51731410692,13.0179724173,0.0323874855929,0.259386204924,0.0323874855929,0.259386204924
gat_ae_seed11,GAT-small-AE,knn4,midfielder,0.5,1174,0.466942099081,1.63525324703,1.58088389315,13.0179724173,0.0271543141234,0.287675999122,0.0271543141234,0.287675999122
gat_ae_seed23,GAT-small-AE,delaunay,defender,0.25,933,0.3478634823,1.05204743895,2.14879503128,10.8261694546,0.0954623956611,-0.121093249523,0.0954623956611,-0.121093249523
gat_ae_seed23,GAT-small-AE,delaunay,defender,0.5,794,0.353048887089,0.945507841791,2.16475955983,10.8261694546,0.100953366252,-0.117790675484,0.100953366252,-0.117790675484
gat_ae_seed23,GAT-small-AE,delaunay,forward,0.25,1318,0.358964481978,1.18553978617,0.696662455271,7.1475084619,0.0135652762013,-0.00582505763682,0.0135652762013,-0.00582505763682
gat_ae_seed23,GAT-small-AE,delaunay,forward,0.5,1154,0.366260458265,1.27713757544,0.683184426528,6.6731504632,0.0427945382418,0.00662030807035,0.0427945382418,0.00662030807035
gat_ae_seed23,GAT-small-AE,delaunay,midfielder,0.25,1306,0.393509087689,1.12389919007,1.32606567989,7.63641812451,-0.0222918432661,0.00202742424942,-0.0222918432661,0.00202742424942
gat_ae_seed23,GAT-small-AE,delaunay,midfielder,0.5,1181,0.399974498328,1.12389919007,1.37286363076,7.63641812451,-0.0247110447406,0.00753951522546,-0.0247110447406,0.00753951522546
gat_ae_seed23,GAT-small-AE,knn4,defender,0.25,996,0.415795073575,1.20679867478,1.92874845462,10.7629119807,0.0536386107233,-0.0955019217988,0.0536386107233,-0.0955019217988
gat_ae_seed23,GAT-small-AE,knn4,defender,0.5,833,0.427078821671,1.20679867478,1.85636135492,10.7629119807,0.0722744932189,-0.109090990469,0.0722744932189,-0.109090990469
gat_ae_seed23,GAT-small-AE,knn4,forward,0.25,1326,0.453587746995,1.33595546383,0.729335061928,10.7080771201,0.00722457781267,-0.0328782930249,0.00722457781267,-0.0328782930249
gat_ae_seed23,GAT-small-AE,knn4,forward,0.5,1163,0.457723712302,1.33773860515,0.725329619141,10.7080771201,0.0238102614991,-0.0341964189162,0.0238102614991,-0.0341964189162
gat_ae_seed23,GAT-small-AE,knn4,midfielder,0.25,1299,0.465602312331,1.63525324703,1.51731410692,13.0179724173,0.015284588066,0.219372338911,0.015284588066,0.219372338911
gat_ae_seed23,GAT-small-AE,knn4,midfielder,0.5,1174,0.466942099081,1.63525324703,1.58088389315,13.0179724173,0.0170977555474,0.236194876218,0.0170977555474,0.236194876218
gat_ae_seed47,GAT-small-AE,delaunay,defender,0.25,933,0.3478634823,1.05204743895,2.14879503128,10.8261694546,0.0704495828208,-0.237743950483,0.0704495828208,-0.237743950483
gat_ae_seed47,GAT-small-AE,delaunay,defender,0.5,794,0.353048887089,0.945507841791,2.16475955983,10.8261694546,0.0613747616305,-0.236781377031,0.0613747616305,-0.236781377031
gat_ae_seed47,GAT-small-AE,delaunay,forward,0.25,1318,0.358964481978,1.18553978617,0.696662455271,7.1475084619,-0.0597354993066,-0.0189493028394,-0.0597354993066,-0.0189493028394
gat_ae_seed47,GAT-small-AE,delaunay,forward,0.5,1154,0.366260458265,1.27713757544,0.683184426528,6.6731504632,-0.0261086749669,-0.000144541927135,-0.0261086749669,-0.000144541927135
gat_ae_seed47,GAT-small-AE,delaunay,midfielder,0.25,1306,0.393509087689,1.12389919007,1.32606567989,7.63641812451,-0.0254009620489,0.0427311436523,-0.0254009620489,0.0427311436523
gat_ae_seed47,GAT-small-AE,delaunay,midfielder,0.5,1181,0.399974498328,1.12389919007,1.37286363076,7.63641812451,-0.0298558888058,0.0496804367132,-0.0298558888058,0.0496804367132
gat_ae_seed47,GAT-small-AE,knn4,defender,0.25,996,0.415795073575,1.20679867478,1.92874845462,10.7629119807,0.00467949535818,-0.135868920475,0.00467949535818,-0.135868920475
gat_ae_seed47,GAT-small-AE,knn4,defender,0.5,833,0.427078821671,1.20679867478,1.85636135492,10.7629119807,-2.51456110712e-05,-0.154312398503,-2.51456110712e-05,-0.154312398503
gat_ae_seed47,GAT-small-AE,knn4,forward,0.25,1326,0.453587746995,1.33595546383,0.729335061928,10.7080771201,-0.0699910550082,0.0470818840221,-0.0699910550082,0.0470818840221
gat_ae_seed47,GAT-small-AE,knn4,forward,0.5,1163,0.457723712302,1.33773860515,0.725329619141,10.7080771201,-0.0500601653877,0.0523950160543,-0.0500601653877,0.0523950160543
gat_ae_seed47,GAT-small-AE,knn4,midfielder,0.25,1299,0.465602312331,1.63525324703,1.51731410692,13.0179724173,0.0605834061622,0.340069040374,0.0605834061622,0.340069040374
gat_ae_seed47,GAT-small-AE,knn4,midfielder,0.5,1174,0.466942099081,1.63525324703,1.58088389315,13.0179724173,0.0723427157269,0.348405269885,0.0723427157269,0.348405269885
phase_gat_seed11,Phase-GAT,delaunay,defender,0.25,933,0.3478634823,1.05204743895,2.14879503128,10.8261694546,0.0841611115204,-0.079025887508,0.0841611115204,-0.079025887508
phase_gat_seed11,Phase-GAT,delaunay,defender,0.5,794,0.353048887089,0.945507841791,2.16475955983,10.8261694546,0.0977514247421,-0.069558229071,0.0977514247421,-0.069558229071
phase_gat_seed11,Phase-GAT,delaunay,forward,0.25,1318,0.358964481978,1.18553978617,0.696662455271,7.1475084619,-0.0142540213496,-0.0675205538248,-0.0142540213496,-0.0675205538248
phase_gat_seed11,Phase-GAT,delaunay,forward,0.5,1154,0.366260458265,1.27713757544,0.683184426528,6.6731504632,-0.00735655677219,-0.0660085697723,-0.00735655677219,-0.0660085697723
phase_gat_seed11,Phase-GAT,delaunay,midfielder,0.25,1306,0.393509087689,1.12389919007,1.32606567989,7.63641812451,0.0602991744291,-0.0179808524922,0.0602991744291,-0.0179808524922
phase_gat_seed11,Phase-GAT,delaunay,midfielder,0.5,1181,0.399974498328,1.12389919007,1.37286363076,7.63641812451,0.03638473038,-0.0253948849391,0.03638473038,-0.0253948849391
phase_gat_seed11,Phase-GAT,knn4,defender,0.25,996,0.415795073575,1.20679867478,1.92874845462,10.7629119807,0.00463024904727,-0.072225316797,0.00463024904727,-0.072225316797
phase_gat_seed11,Phase-GAT,knn4,defender,0.5,833,0.427078821671,1.20679867478,1.85636135492,10.7629119807,0.00248145026685,-0.0851817228614,0.00248145026685,-0.0851817228614
phase_gat_seed11,Phase-GAT,knn4,forward,0.25,1326,0.453587746995,1.33595546383,0.729335061928,10.7080771201,-0.0445895974881,-0.0111616804249,-0.0445895974881,-0.0111616804249
phase_gat_seed11,Phase-GAT,knn4,forward,0.5,1163,0.457723712302,1.33773860515,0.725329619141,10.7080771201,-0.0125662716802,-0.0120825901225,-0.0125662716802,-0.0120825901225
phase_gat_seed11,Phase-GAT,knn4,midfielder,0.25,1299,0.465602312331,1.63525324703,1.51731410692,13.0179724173,-0.00267688431699,0.0616602911376,-0.00267688431699,0.0616602911376
phase_gat_seed11,Phase-GAT,knn4,midfielder,0.5,1174,0.466942099081,1.63525324703,1.58088389315,13.0179724173,-0.00545557299167,0.0656941414575,-0.00545557299167,0.0656941414575
phase_gat_seed23,Phase-GAT,delaunay,defender,0.25,933,0.3478634823,1.05204743895,2.14879503128,10.8261694546,0.11428912169,-0.0393072494838,0.11428912169,-0.0393072494838
phase_gat_seed23,Phase-GAT,delaunay,defender,0.5,794,0.353048887089,0.945507841791,2.16475955983,10.8261694546,0.131500251853,-0.0343951387451,0.131500251853,-0.0343951387451
phase_gat_seed23,Phase-GAT,delaunay,forward,0.25,1318,0.358964481978,1.18553978617,0.696662455271,7.1475084619,-0.0323822980301,-0.0781078909362,-0.0323822980301,-0.0781078909362
phase_gat_seed23,Phase-GAT,delaunay,forward,0.5,1154,0.366260458265,1.27713757544,0.683184426528,6.6731504632,-0.0124353161584,-0.0933175516778,-0.0124353161584,-0.0933175516778
phase_gat_seed23,Phase-GAT,delaunay,midfielder,0.25,1306,0.393509087689,1.12389919007,1.32606567989,7.63641812451,0.0179073164087,-0.0265836119282,0.0179073164087,-0.0265836119282
phase_gat_seed23,Phase-GAT,delaunay,midfielder,0.5,1181,0.399974498328,1.12389919007,1.37286363076,7.63641812451,-0.0123109015282,-0.0291198138597,-0.0123109015282,-0.0291198138597
phase_gat_seed23,Phase-GAT,knn4,defender,0.25,996,0.415795073575,1.20679867478,1.92874845462,10.7629119807,0.0351516731262,-0.0267767871643,0.0351516731262,-0.0267767871643
phase_gat_seed23,Phase-GAT,knn4,defender,0.5,833,0.427078821671,1.20679867478,1.85636135492,10.7629119807,0.044149096284,-0.0204859055395,0.044149096284,-0.0204859055395
phase_gat_seed23,Phase-GAT,knn4,forward,0.25,1326,0.453587746995,1.33595546383,0.729335061928,10.7080771201,-0.0461176720398,-0.0432593166945,-0.0461176720398,-0.0432593166945
phase_gat_seed23,Phase-GAT,knn4,forward,0.5,1163,0.457723712302,1.33773860515,0.725329619141,10.7080771201,-0.0134469986837,-0.039188999117,-0.0134469986837,-0.039188999117
phase_gat_seed23,Phase-GAT,knn4,midfielder,0.25,1299,0.465602312331,1.63525324703,1.51731410692,13.0179724173,0.00202243792813,0.0563964732587,0.00202243792813,0.0563964732587
phase_gat_seed23,Phase-GAT,knn4,midfielder,0.5,1174,0.466942099081,1.63525324703,1.58088389315,13.0179724173,0.0116295750456,0.0726546195339,0.0116295750456,0.0726546195339
phase_gat_seed47,Phase-GAT,delaunay,defender,0.25,933,0.3478634823,1.05204743895,2.14879503128,10.8261694546,0.0840292792227,0.024777494677,0.0840292792227,0.024777494677
phase_gat_seed47,Phase-GAT,delaunay,defender,0.5,794,0.353048887089,0.945507841791,2.16475955983,10.8261694546,0.0779587150809,0.00231329141729,0.0779587150809,0.00231329141729
phase_gat_seed47,Phase-GAT,delaunay,forward,0.25,1318,0.358964481978,1.18553978617,0.696662455271,7.1475084619,0.0404246779696,-0.0247321634607,0.0404246779696,-0.0247321634607
phase_gat_seed47,Phase-GAT,delaunay,forward,0.5,1154,0.366260458265,1.27713757544,0.683184426528,6.6731504632,0.00206392163719,-0.0487989266234,0.00206392163719,-0.0487989266234
phase_gat_seed47,Phase-GAT,delaunay,midfielder,0.25,1306,0.393509087689,1.12389919007,1.32606567989,7.63641812451,0.0326328971384,-0.00477122937444,0.0326328971384,-0.00477122937444
phase_gat_seed47,Phase-GAT,delaunay,midfielder,0.5,1181,0.399974498328,1.12389919007,1.37286363076,7.63641812451,-0.00498458820065,-0.0275633051103,-0.00498458820065,-0.0275633051103
phase_gat_seed47,Phase-GAT,knn4,defender,0.25,996,0.415795073575,1.20679867478,1.92874845462,10.7629119807,0.0201765154817,-0.0467467289007,0.0201765154817,-0.0467467289007
phase_gat_seed47,Phase-GAT,knn4,defender,0.5,833,0.427078821671,1.20679867478,1.85636135492,10.7629119807,0.00101003522242,-0.0693233359032,0.00101003522242,-0.0693233359032
phase_gat_seed47,Phase-GAT,knn4,forward,0.25,1326,0.453587746995,1.33595546383,0.729335061928,10.7080771201,-0.0205104007836,0.0311614590119,-0.0205104007836,0.0311614590119
phase_gat_seed47,Phase-GAT,knn4,forward,0.5,1163,0.457723712302,1.33773860515,0.725329619141,10.7080771201,-0.0258856793528,0.0199093098117,-0.0258856793528,0.0199093098117
phase_gat_seed47,Phase-GAT,knn4,midfielder,0.25,1299,0.465602312331,1.63525324703,1.51731410692,13.0179724173,0.0146811318497,-0.0107051992317,0.0146811318497,-0.0107051992317
phase_gat_seed47,Phase-GAT,knn4,midfielder,0.5,1174,0.466942099081,1.63525324703,1.58088389315,13.0179724173,0.0145177570268,-0.00742243813686,0.0145177570268,-0.00742243813686
