name,size,arch,seed,frac,lr,dev_bce,train_error,final_loss,steps,init_sha256,checkpoint_sha256,train_sha256,flip_sha256,batch_order,subset_sha256,oracle_candidate_queries,retained_flip_labels,training_state_forwards
N_raw_s11_f0_lr0.01,N,raw,11,0,0.01,4.208651542663574,0.0,3.469520015642047e-05,300,45f0970d66d12ea2a87bb314274f37c64363479805baad44c291ee6abef9b799,68f9a88bd196557ba8835a0c9ad02e20c95c61c6cb67e2fb5d4ba91bd12d17eb,620ea1dc1e443dc6c238317463dc64ab3a9ae05fb592743f3a7d67d7ce17262c,d164ad5aa2ce5cddc59b090809ccdf258a142a0ebe45712102a4c410fef64b5d,full static then full fixed subset each step,d0105bb0ec4c63bc38fb023a940b4e40658705afddd762e92bfeb20f51d6669f,147514,0,153600
N_raw_s11_f0_lr0.003,N,raw,11,0,0.003,3.7739388942718506,0.0,0.00014987793110776693,300,45f0970d66d12ea2a87bb314274f37c64363479805baad44c291ee6abef9b799,046cd5a558c13df3a17591c7fcaab1a203f53b3529812b04751202968825bb92,620ea1dc1e443dc6c238317463dc64ab3a9ae05fb592743f3a7d67d7ce17262c,d164ad5aa2ce5cddc59b090809ccdf258a142a0ebe45712102a4c410fef64b5d,full static then full fixed subset each step,d0105bb0ec4c63bc38fb023a940b4e40658705afddd762e92bfeb20f51d6669f,147514,0,153600
N_raw_s11_f0_lr0.001,N,raw,11,0,0.001,2.6492536067962646,0.0,0.0018968015210703015,300,45f0970d66d12ea2a87bb314274f37c64363479805baad44c291ee6abef9b799,3537d7c4dc01edec71d080cab276639ebab3267d1f4764b066f127f6ce24c0cd,620ea1dc1e443dc6c238317463dc64ab3a9ae05fb592743f3a7d67d7ce17262c,d164ad5aa2ce5cddc59b090809ccdf258a142a0ebe45712102a4c410fef64b5d,full static then full fixed subset each step,d0105bb0ec4c63bc38fb023a940b4e40658705afddd762e92bfeb20f51d6669f,147514,0,153600
N_raw_s11_f25_lr0.01,N,raw,11,25,0.01,4.862963676452637,0.0,0.0029094372875988483,300,45f0970d66d12ea2a87bb314274f37c64363479805baad44c291ee6abef9b799,a77a9455d49778791182900bc613cc58895862426ef5e6119dae764e885b5f0e,620ea1dc1e443dc6c238317463dc64ab3a9ae05fb592743f3a7d67d7ce17262c,d164ad5aa2ce5cddc59b090809ccdf258a142a0ebe45712102a4c410fef64b5d,full static then full fixed subset each step,34e1b85e0643f1557ed5cc018059864ece0856d516e48a7cfdac3bd4ec1e2340,147514,383,268500
N_raw_s11_f25_lr0.003,N,raw,11,25,0.003,2.785475969314575,0.0,0.015814675018191338,300,45f0970d66d12ea2a87bb314274f37c64363479805baad44c291ee6abef9b799,d735e4f5619699cfc65eeb5a9ac7593bf6139f86ccc4250f408b5ae6559e76e3,620ea1dc1e443dc6c238317463dc64ab3a9ae05fb592743f3a7d67d7ce17262c,d164ad5aa2ce5cddc59b090809ccdf258a142a0ebe45712102a4c410fef64b5d,full static then full fixed subset each step,34e1b85e0643f1557ed5cc018059864ece0856d516e48a7cfdac3bd4ec1e2340,147514,383,268500
N_raw_s11_f25_lr0.001,N,raw,11,25,0.001,1.4871978759765625,0.013671875,0.09269485622644424,300,45f0970d66d12ea2a87bb314274f37c64363479805baad44c291ee6abef9b799,e0cb78ad0ac752bef359a4333b31b90c7de4de40a77445aeebc45be5de8b573e,620ea1dc1e443dc6c238317463dc64ab3a9ae05fb592743f3a7d67d7ce17262c,d164ad5aa2ce5cddc59b090809ccdf258a142a0ebe45712102a4c410fef64b5d,full static then full fixed subset each step,34e1b85e0643f1557ed5cc018059864ece0856d516e48a7cfdac3bd4ec1e2340,147514,383,268500
N_raw_s11_f100_lr0.01,N,raw,11,100,0.01,3.032353639602661,0.0,0.0019398970762267709,300,45f0970d66d12ea2a87bb314274f37c64363479805baad44c291ee6abef9b799,4e06d8015793c7a8122e41626c0d1da3b3c5f384a8fbc981bfe58a1c50070688,620ea1dc1e443dc6c238317463dc64ab3a9ae05fb592743f3a7d67d7ce17262c,d164ad5aa2ce5cddc59b090809ccdf258a142a0ebe45712102a4c410fef64b5d,full static then full fixed subset each step,d0105bb0ec4c63bc38fb023a940b4e40658705afddd762e92bfeb20f51d6669f,147514,1534,613800
N_raw_s11_f100_lr0.003,N,raw,11,100,0.003,2.4871742725372314,0.0,0.04480953514575958,300,45f0970d66d12ea2a87bb314274f37c64363479805baad44c291ee6abef9b799,0fbbb6dbe85f088ba40b400b938b932fb1a294553e3b90ea02b30f8a6a3089d8,620ea1dc1e443dc6c238317463dc64ab3a9ae05fb592743f3a7d67d7ce17262c,d164ad5aa2ce5cddc59b090809ccdf258a142a0ebe45712102a4c410fef64b5d,full static then full fixed subset each step,d0105bb0ec4c63bc38fb023a940b4e40658705afddd762e92bfeb20f51d6669f,147514,1534,613800
N_raw_s11_f100_lr0.001,N,raw,11,100,0.001,1.2749228477478027,0.0390625,0.2110750675201416,300,45f0970d66d12ea2a87bb314274f37c64363479805baad44c291ee6abef9b799,631e26115a0c99ed4dc4965f62e5a8dd6b704b07ff2a03f02dd5db8e478f88a9,620ea1dc1e443dc6c238317463dc64ab3a9ae05fb592743f3a7d67d7ce17262c,d164ad5aa2ce5cddc59b090809ccdf258a142a0ebe45712102a4c410fef64b5d,full static then full fixed subset each step,d0105bb0ec4c63bc38fb023a940b4e40658705afddd762e92bfeb20f51d6669f,147514,1534,613800
N_raw_s23_f0_lr0.01,N,raw,23,0,0.01,3.915679931640625,0.0,3.677398126455955e-05,300,d4f3eb242038f46edad5375e40bd669373e3c068e3da28d585a16dc4f551789c,4c0f0ccd3c46bdab9d6bc09178aa5cb4907d7f97b03f3ce7d51ab31f48b35254,620ea1dc1e443dc6c238317463dc64ab3a9ae05fb592743f3a7d67d7ce17262c,d164ad5aa2ce5cddc59b090809ccdf258a142a0ebe45712102a4c410fef64b5d,full static then full fixed subset each step,d0105bb0ec4c63bc38fb023a940b4e40658705afddd762e92bfeb20f51d6669f,147514,0,153600
N_raw_s23_f0_lr0.003,N,raw,23,0,0.003,3.365363121032715,0.0,0.0001752833923092112,300,d4f3eb242038f46edad5375e40bd669373e3c068e3da28d585a16dc4f551789c,61c72e6b4e54659cbfecfd7d2303a07e5c80152d9cc1840e2cfa3b7b8c67a0a7,620ea1dc1e443dc6c238317463dc64ab3a9ae05fb592743f3a7d67d7ce17262c,d164ad5aa2ce5cddc59b090809ccdf258a142a0ebe45712102a4c410fef64b5d,full static then full fixed subset each step,d0105bb0ec4c63bc38fb023a940b4e40658705afddd762e92bfeb20f51d6669f,147514,0,153600
N_raw_s23_f0_lr0.001,N,raw,23,0,0.001,2.5100460052490234,0.0,0.0021182820200920105,300,d4f3eb242038f46edad5375e40bd669373e3c068e3da28d585a16dc4f551789c,c64987040b5c1227d9117174bea15a47323b47e8aea75809ef985515170fac69,620ea1dc1e443dc6c238317463dc64ab3a9ae05fb592743f3a7d67d7ce17262c,d164ad5aa2ce5cddc59b090809ccdf258a142a0ebe45712102a4c410fef64b5d,full static then full fixed subset each step,d0105bb0ec4c63bc38fb023a940b4e40658705afddd762e92bfeb20f51d6669f,147514,0,153600
N_raw_s23_f25_lr0.01,N,raw,23,25,0.01,3.566666841506958,0.0,0.0044319964945316315,300,d4f3eb242038f46edad5375e40bd669373e3c068e3da28d585a16dc4f551789c,e580c8c753523a7497c8eae18c7a1e4d9c240d0bc389a943e43f68ab9d1a3501,620ea1dc1e443dc6c238317463dc64ab3a9ae05fb592743f3a7d67d7ce17262c,d164ad5aa2ce5cddc59b090809ccdf258a142a0ebe45712102a4c410fef64b5d,full static then full fixed subset each step,34e1b85e0643f1557ed5cc018059864ece0856d516e48a7cfdac3bd4ec1e2340,147514,383,268500
N_raw_s23_f25_lr0.003,N,raw,23,25,0.003,2.834942102432251,0.0,0.017467107623815536,300,d4f3eb242038f46edad5375e40bd669373e3c068e3da28d585a16dc4f551789c,9cbeb2c02234d65a872797e050662e40894c86cb1e38ee91ee42bc4c2fb8c465,620ea1dc1e443dc6c238317463dc64ab3a9ae05fb592743f3a7d67d7ce17262c,d164ad5aa2ce5cddc59b090809ccdf258a142a0ebe45712102a4c410fef64b5d,full static then full fixed subset each step,34e1b85e0643f1557ed5cc018059864ece0856d516e48a7cfdac3bd4ec1e2340,147514,383,268500
N_raw_s23_f25_lr0.001,N,raw,23,25,0.001,1.965836763381958,0.013671875,0.08847149461507797,300,d4f3eb242038f46edad5375e40bd669373e3c068e3da28d585a16dc4f551789c,767a4f98481af288fa7e5302c0a865a84d5a2217ddd14eb645255147afe8fce2,620ea1dc1e443dc6c238317463dc64ab3a9ae05fb592743f3a7d67d7ce17262c,d164ad5aa2ce5cddc59b090809ccdf258a142a0ebe45712102a4c410fef64b5d,full static then full fixed subset each step,34e1b85e0643f1557ed5cc018059864ece0856d516e48a7cfdac3bd4ec1e2340,147514,383,268500
N_raw_s23_f100_lr0.01,N,raw,23,100,0.01,2.458989381790161,0.0,0.01657959073781967,300,d4f3eb242038f46edad5375e40bd669373e3c068e3da28d585a16dc4f551789c,b24dfb47a851a088d0f00c17cc3be2431398d3cee594275a640991a1183d635f,620ea1dc1e443dc6c238317463dc64ab3a9ae05fb592743f3a7d67d7ce17262c,d164ad5aa2ce5cddc59b090809ccdf258a142a0ebe45712102a4c410fef64b5d,full static then full fixed subset each step,d0105bb0ec4c63bc38fb023a940b4e40658705afddd762e92bfeb20f51d6669f,147514,1534,613800
N_raw_s23_f100_lr0.003,N,raw,23,100,0.003,2.1563668251037598,0.0,0.02636277861893177,300,d4f3eb242038f46edad5375e40bd669373e3c068e3da28d585a16dc4f551789c,1a95ca58011c190ba90ca1e00bf44e4d23b7fce4978914205cddf4f673555e68,620ea1dc1e443dc6c238317463dc64ab3a9ae05fb592743f3a7d67d7ce17262c,d164ad5aa2ce5cddc59b090809ccdf258a142a0ebe45712102a4c410fef64b5d,full static then full fixed subset each step,d0105bb0ec4c63bc38fb023a940b4e40658705afddd762e92bfeb20f51d6669f,147514,1534,613800
N_raw_s23_f100_lr0.001,N,raw,23,100,0.001,1.3753830194473267,0.013671875,0.1597372591495514,300,d4f3eb242038f46edad5375e40bd669373e3c068e3da28d585a16dc4f551789c,dd30434419a9457b7ce50c468b6570b08d02612e75bfc6f84fb9d22961faf198,620ea1dc1e443dc6c238317463dc64ab3a9ae05fb592743f3a7d67d7ce17262c,d164ad5aa2ce5cddc59b090809ccdf258a142a0ebe45712102a4c410fef64b5d,full static then full fixed subset each step,d0105bb0ec4c63bc38fb023a940b4e40658705afddd762e92bfeb20f51d6669f,147514,1534,613800
N_raw_s47_f0_lr0.01,N,raw,47,0,0.01,4.471307754516602,0.0,3.4214572224300355e-05,300,67618814a1353128eaee8389ebe001e129a8b8759ef72b884c96950d7eac6197,36bd4794f86e296ae448adf3d347538b17b4cfa84015637c7ea6d7e85911a417,620ea1dc1e443dc6c238317463dc64ab3a9ae05fb592743f3a7d67d7ce17262c,d164ad5aa2ce5cddc59b090809ccdf258a142a0ebe45712102a4c410fef64b5d,full static then full fixed subset each step,d0105bb0ec4c63bc38fb023a940b4e40658705afddd762e92bfeb20f51d6669f,147514,0,153600
N_raw_s47_f0_lr0.003,N,raw,47,0,0.003,3.7084550857543945,0.0,0.00017304831999354064,300,67618814a1353128eaee8389ebe001e129a8b8759ef72b884c96950d7eac6197,f16501801f260881baa691c1cc53cf77a311ce2bde307ec9f0ac8944ad560b32,620ea1dc1e443dc6c238317463dc64ab3a9ae05fb592743f3a7d67d7ce17262c,d164ad5aa2ce5cddc59b090809ccdf258a142a0ebe45712102a4c410fef64b5d,full static then full fixed subset each step,d0105bb0ec4c63bc38fb023a940b4e40658705afddd762e92bfeb20f51d6669f,147514,0,153600
N_raw_s47_f0_lr0.001,N,raw,47,0,0.001,2.3860080242156982,0.0,0.0022464822977781296,300,67618814a1353128eaee8389ebe001e129a8b8759ef72b884c96950d7eac6197,c1fa73a21ffa567db2ed20ef8fc27dc9c91ed92a5849828e7ecf74bc6fbd5247,620ea1dc1e443dc6c238317463dc64ab3a9ae05fb592743f3a7d67d7ce17262c,d164ad5aa2ce5cddc59b090809ccdf258a142a0ebe45712102a4c410fef64b5d,full static then full fixed subset each step,d0105bb0ec4c63bc38fb023a940b4e40658705afddd762e92bfeb20f51d6669f,147514,0,153600
N_raw_s47_f25_lr0.01,N,raw,47,25,0.01,1.1350432634353638,0.072265625,0.3247779905796051,300,67618814a1353128eaee8389ebe001e129a8b8759ef72b884c96950d7eac6197,c83ae98ae45354e729cebf0b3ee192e9f270a167ec7ae4cdd69b625c1e21552b,620ea1dc1e443dc6c238317463dc64ab3a9ae05fb592743f3a7d67d7ce17262c,d164ad5aa2ce5cddc59b090809ccdf258a142a0ebe45712102a4c410fef64b5d,full static then full fixed subset each step,34e1b85e0643f1557ed5cc018059864ece0856d516e48a7cfdac3bd4ec1e2340,147514,383,268500
N_raw_s47_f25_lr0.003,N,raw,47,25,0.003,3.6085424423217773,0.001953125,0.016491694375872612,300,67618814a1353128eaee8389ebe001e129a8b8759ef72b884c96950d7eac6197,e4de7d994e7df8e77d4b14f52c3109e129f359e3e31ce0148d8a51e076c6d0aa,620ea1dc1e443dc6c238317463dc64ab3a9ae05fb592743f3a7d67d7ce17262c,d164ad5aa2ce5cddc59b090809ccdf258a142a0ebe45712102a4c410fef64b5d,full static then full fixed subset each step,34e1b85e0643f1557ed5cc018059864ece0856d516e48a7cfdac3bd4ec1e2340,147514,383,268500
N_raw_s47_f25_lr0.001,N,raw,47,25,0.001,1.8913609981536865,0.015625,0.09149175137281418,300,67618814a1353128eaee8389ebe001e129a8b8759ef72b884c96950d7eac6197,3ffd080ca7597c2dbef29f1410332e9b872d088dd3903d05901b1ee9a13a5b30,620ea1dc1e443dc6c238317463dc64ab3a9ae05fb592743f3a7d67d7ce17262c,d164ad5aa2ce5cddc59b090809ccdf258a142a0ebe45712102a4c410fef64b5d,full static then full fixed subset each step,34e1b85e0643f1557ed5cc018059864ece0856d516e48a7cfdac3bd4ec1e2340,147514,383,268500
N_raw_s47_f100_lr0.01,N,raw,47,100,0.01,1.3663791418075562,0.12890625,0.744788408279419,300,67618814a1353128eaee8389ebe001e129a8b8759ef72b884c96950d7eac6197,b14ff117ebcffd1803af17bc1ad5e2b4702d373539a5466b05e3c50ad6610955,620ea1dc1e443dc6c238317463dc64ab3a9ae05fb592743f3a7d67d7ce17262c,d164ad5aa2ce5cddc59b090809ccdf258a142a0ebe45712102a4c410fef64b5d,full static then full fixed subset each step,d0105bb0ec4c63bc38fb023a940b4e40658705afddd762e92bfeb20f51d6669f,147514,1534,613800
N_raw_s47_f100_lr0.003,N,raw,47,100,0.003,2.177140951156616,0.001953125,0.026814445853233337,300,67618814a1353128eaee8389ebe001e129a8b8759ef72b884c96950d7eac6197,b029d9e616baf892c58662049d453541b1b92cccd8aa99bf7c51d0a8ef6ae829,620ea1dc1e443dc6c238317463dc64ab3a9ae05fb592743f3a7d67d7ce17262c,d164ad5aa2ce5cddc59b090809ccdf258a142a0ebe45712102a4c410fef64b5d,full static then full fixed subset each step,d0105bb0ec4c63bc38fb023a940b4e40658705afddd762e92bfeb20f51d6669f,147514,1534,613800
N_raw_s47_f100_lr0.001,N,raw,47,100,0.001,1.3235206604003906,0.01171875,0.16856515407562256,300,67618814a1353128eaee8389ebe001e129a8b8759ef72b884c96950d7eac6197,643f5bca40c27988ac9de4e207e8f70dd4fa37fe8ffe5e156498e988cb536c0e,620ea1dc1e443dc6c238317463dc64ab3a9ae05fb592743f3a7d67d7ce17262c,d164ad5aa2ce5cddc59b090809ccdf258a142a0ebe45712102a4c410fef64b5d,full static then full fixed subset each step,d0105bb0ec4c63bc38fb023a940b4e40658705afddd762e92bfeb20f51d6669f,147514,1534,613800
N_sixdist_s11_f0_lr0.01,N,sixdist,11,0,0.01,2.8341872692108154,0.0,3.248508437536657e-05,300,b8b08a112a09d75b8a4b709c41982240a8b56c7b62d2e80fb26b8db15466b4de,f80ba18a14cc345f19569c41236e4ad92e536055ac9c68754f3564aa17ae84c2,620ea1dc1e443dc6c238317463dc64ab3a9ae05fb592743f3a7d67d7ce17262c,d164ad5aa2ce5cddc59b090809ccdf258a142a0ebe45712102a4c410fef64b5d,full static then full fixed subset each step,d0105bb0ec4c63bc38fb023a940b4e40658705afddd762e92bfeb20f51d6669f,147514,0,153600
N_sixdist_s11_f0_lr0.003,N,sixdist,11,0,0.003,1.8224313259124756,0.0,0.00017906611901707947,300,b8b08a112a09d75b8a4b709c41982240a8b56c7b62d2e80fb26b8db15466b4de,d58f7f8c3acde3e27cc46863140153bb22dcbb1479a9364d77a36951eb26ad15,620ea1dc1e443dc6c238317463dc64ab3a9ae05fb592743f3a7d67d7ce17262c,d164ad5aa2ce5cddc59b090809ccdf258a142a0ebe45712102a4c410fef64b5d,full static then full fixed subset each step,d0105bb0ec4c63bc38fb023a940b4e40658705afddd762e92bfeb20f51d6669f,147514,0,153600
N_sixdist_s11_f0_lr0.001,N,sixdist,11,0,0.001,1.1833871603012085,0.0,0.0022677332162857056,300,b8b08a112a09d75b8a4b709c41982240a8b56c7b62d2e80fb26b8db15466b4de,a8cd0022c59f8e7fd22a8ec8f284827216f0b50ff2eb659fc2f6778656c23915,620ea1dc1e443dc6c238317463dc64ab3a9ae05fb592743f3a7d67d7ce17262c,d164ad5aa2ce5cddc59b090809ccdf258a142a0ebe45712102a4c410fef64b5d,full static then full fixed subset each step,d0105bb0ec4c63bc38fb023a940b4e40658705afddd762e92bfeb20f51d6669f,147514,0,153600
N_sixdist_s11_f25_lr0.01,N,sixdist,11,25,0.01,0.23190656304359436,0.00390625,0.019052712246775627,300,b8b08a112a09d75b8a4b709c41982240a8b56c7b62d2e80fb26b8db15466b4de,2bea2f6d1fb32874596be8b9114a5bf70ec12c89affeb83f56f44cb1162ba1d9,620ea1dc1e443dc6c238317463dc64ab3a9ae05fb592743f3a7d67d7ce17262c,d164ad5aa2ce5cddc59b090809ccdf258a142a0ebe45712102a4c410fef64b5d,full static then full fixed subset each step,34e1b85e0643f1557ed5cc018059864ece0856d516e48a7cfdac3bd4ec1e2340,147514,383,268500
N_sixdist_s11_f25_lr0.003,N,sixdist,11,25,0.003,0.332207590341568,0.005859375,0.0180242620408535,300,b8b08a112a09d75b8a4b709c41982240a8b56c7b62d2e80fb26b8db15466b4de,4325d34db09c3f2c8cbf999bd1879fab9d490d970ae04cf42ac748d933db078a,620ea1dc1e443dc6c238317463dc64ab3a9ae05fb592743f3a7d67d7ce17262c,d164ad5aa2ce5cddc59b090809ccdf258a142a0ebe45712102a4c410fef64b5d,full static then full fixed subset each step,34e1b85e0643f1557ed5cc018059864ece0856d516e48a7cfdac3bd4ec1e2340,147514,383,268500
N_sixdist_s11_f25_lr0.001,N,sixdist,11,25,0.001,0.2861163020133972,0.005859375,0.03211298584938049,300,b8b08a112a09d75b8a4b709c41982240a8b56c7b62d2e80fb26b8db15466b4de,64ec9afcb52d359e598cdfb962151f078bc24357c7e4838a6398e867571d24e7,620ea1dc1e443dc6c238317463dc64ab3a9ae05fb592743f3a7d67d7ce17262c,d164ad5aa2ce5cddc59b090809ccdf258a142a0ebe45712102a4c410fef64b5d,full static then full fixed subset each step,34e1b85e0643f1557ed5cc018059864ece0856d516e48a7cfdac3bd4ec1e2340,147514,383,268500
N_sixdist_s11_f100_lr0.01,N,sixdist,11,100,0.01,0.17620670795440674,0.00390625,0.027032993733882904,300,b8b08a112a09d75b8a4b709c41982240a8b56c7b62d2e80fb26b8db15466b4de,9e79136608fe11cee72efa70a0abcada604499946b0da845285ce6d15aa8cdf1,620ea1dc1e443dc6c238317463dc64ab3a9ae05fb592743f3a7d67d7ce17262c,d164ad5aa2ce5cddc59b090809ccdf258a142a0ebe45712102a4c410fef64b5d,full static then full fixed subset each step,d0105bb0ec4c63bc38fb023a940b4e40658705afddd762e92bfeb20f51d6669f,147514,1534,613800
N_sixdist_s11_f100_lr0.003,N,sixdist,11,100,0.003,0.2549981474876404,0.001953125,0.018704507499933243,300,b8b08a112a09d75b8a4b709c41982240a8b56c7b62d2e80fb26b8db15466b4de,15f83412bf89ba9310292d208820343c29a802e981b6dd2d519b9e5aabadf6c1,620ea1dc1e443dc6c238317463dc64ab3a9ae05fb592743f3a7d67d7ce17262c,d164ad5aa2ce5cddc59b090809ccdf258a142a0ebe45712102a4c410fef64b5d,full static then full fixed subset each step,d0105bb0ec4c63bc38fb023a940b4e40658705afddd762e92bfeb20f51d6669f,147514,1534,613800
N_sixdist_s11_f100_lr0.001,N,sixdist,11,100,0.001,0.1238246038556099,0.00390625,0.04170925170183182,300,b8b08a112a09d75b8a4b709c41982240a8b56c7b62d2e80fb26b8db15466b4de,4deb914fab604d43804c64319113dcf38636a20a91a54a501e634a33c0db2864,620ea1dc1e443dc6c238317463dc64ab3a9ae05fb592743f3a7d67d7ce17262c,d164ad5aa2ce5cddc59b090809ccdf258a142a0ebe45712102a4c410fef64b5d,full static then full fixed subset each step,d0105bb0ec4c63bc38fb023a940b4e40658705afddd762e92bfeb20f51d6669f,147514,1534,613800
N_sixdist_s23_f0_lr0.01,N,sixdist,23,0,0.01,2.08259916305542,0.0,4.938721758662723e-05,300,1bc0e4f626b5f870cb4499fd7b2a28e0e5b604ca7ea44b37a9a864cbd02777e1,e97b7d7dc1ba59494e689c1a1f8bb0bd31552c7803e21f39eab1e299f278eefb,620ea1dc1e443dc6c238317463dc64ab3a9ae05fb592743f3a7d67d7ce17262c,d164ad5aa2ce5cddc59b090809ccdf258a142a0ebe45712102a4c410fef64b5d,full static then full fixed subset each step,d0105bb0ec4c63bc38fb023a940b4e40658705afddd762e92bfeb20f51d6669f,147514,0,153600
N_sixdist_s23_f0_lr0.003,N,sixdist,23,0,0.003,1.6554179191589355,0.0,0.0001920374925248325,300,1bc0e4f626b5f870cb4499fd7b2a28e0e5b604ca7ea44b37a9a864cbd02777e1,34663e68f5c9dd297ae3b2620e9d106bca78fdd676632174efeeea69b1a39ea4,620ea1dc1e443dc6c238317463dc64ab3a9ae05fb592743f3a7d67d7ce17262c,d164ad5aa2ce5cddc59b090809ccdf258a142a0ebe45712102a4c410fef64b5d,full static then full fixed subset each step,d0105bb0ec4c63bc38fb023a940b4e40658705afddd762e92bfeb20f51d6669f,147514,0,153600
N_sixdist_s23_f0_lr0.001,N,sixdist,23,0,0.001,1.0499167442321777,0.0,0.0024572396650910378,300,1bc0e4f626b5f870cb4499fd7b2a28e0e5b604ca7ea44b37a9a864cbd02777e1,5d090acc39ba6b337c1c06d4571baffbcc16f0b2f13ec825dff1e553269ef853,620ea1dc1e443dc6c238317463dc64ab3a9ae05fb592743f3a7d67d7ce17262c,d164ad5aa2ce5cddc59b090809ccdf258a142a0ebe45712102a4c410fef64b5d,full static then full fixed subset each step,d0105bb0ec4c63bc38fb023a940b4e40658705afddd762e92bfeb20f51d6669f,147514,0,153600
N_sixdist_s23_f25_lr0.01,N,sixdist,23,25,0.01,0.2707006335258484,0.119140625,0.8087413311004639,300,1bc0e4f626b5f870cb4499fd7b2a28e0e5b604ca7ea44b37a9a864cbd02777e1,94efcc689905176df3f09aeade1afefb27f5973749ad9ed70469df1f4a4db076,620ea1dc1e443dc6c238317463dc64ab3a9ae05fb592743f3a7d67d7ce17262c,d164ad5aa2ce5cddc59b090809ccdf258a142a0ebe45712102a4c410fef64b5d,full static then full fixed subset each step,34e1b85e0643f1557ed5cc018059864ece0856d516e48a7cfdac3bd4ec1e2340,147514,383,268500
N_sixdist_s23_f25_lr0.003,N,sixdist,23,25,0.003,0.3159031867980957,0.001953125,0.019939277321100235,300,1bc0e4f626b5f870cb4499fd7b2a28e0e5b604ca7ea44b37a9a864cbd02777e1,28a38eeebadb777f533492146ce05b993e4920d28744d252166938403f327774,620ea1dc1e443dc6c238317463dc64ab3a9ae05fb592743f3a7d67d7ce17262c,d164ad5aa2ce5cddc59b090809ccdf258a142a0ebe45712102a4c410fef64b5d,full static then full fixed subset each step,34e1b85e0643f1557ed5cc018059864ece0856d516e48a7cfdac3bd4ec1e2340,147514,383,268500
N_sixdist_s23_f25_lr0.001,N,sixdist,23,25,0.001,0.20574603974819183,0.005859375,0.031756866723299026,300,1bc0e4f626b5f870cb4499fd7b2a28e0e5b604ca7ea44b37a9a864cbd02777e1,0fe0ac69e3cc0de5d4c6533bc6c87f3f29426605d7cd26a8870cc05564c8aaef,620ea1dc1e443dc6c238317463dc64ab3a9ae05fb592743f3a7d67d7ce17262c,d164ad5aa2ce5cddc59b090809ccdf258a142a0ebe45712102a4c410fef64b5d,full static then full fixed subset each step,34e1b85e0643f1557ed5cc018059864ece0856d516e48a7cfdac3bd4ec1e2340,147514,383,268500
N_sixdist_s23_f100_lr0.01,N,sixdist,23,100,0.01,0.12405101954936981,0.029296875,0.17112819850444794,300,1bc0e4f626b5f870cb4499fd7b2a28e0e5b604ca7ea44b37a9a864cbd02777e1,f2e4633224fb493ca7fcda48128b9b0e2b63d1144de77dc66928959c10e78276,620ea1dc1e443dc6c238317463dc64ab3a9ae05fb592743f3a7d67d7ce17262c,d164ad5aa2ce5cddc59b090809ccdf258a142a0ebe45712102a4c410fef64b5d,full static then full fixed subset each step,d0105bb0ec4c63bc38fb023a940b4e40658705afddd762e92bfeb20f51d6669f,147514,1534,613800
N_sixdist_s23_f100_lr0.003,N,sixdist,23,100,0.003,0.17035996913909912,0.00390625,0.02025483176112175,300,1bc0e4f626b5f870cb4499fd7b2a28e0e5b604ca7ea44b37a9a864cbd02777e1,4057459cf34409a2b1b76fd728773da37f581870233efa0c8cd21a8323080834,620ea1dc1e443dc6c238317463dc64ab3a9ae05fb592743f3a7d67d7ce17262c,d164ad5aa2ce5cddc59b090809ccdf258a142a0ebe45712102a4c410fef64b5d,full static then full fixed subset each step,d0105bb0ec4c63bc38fb023a940b4e40658705afddd762e92bfeb20f51d6669f,147514,1534,613800
N_sixdist_s23_f100_lr0.001,N,sixdist,23,100,0.001,0.12203316390514374,0.00390625,0.04245612025260925,300,1bc0e4f626b5f870cb4499fd7b2a28e0e5b604ca7ea44b37a9a864cbd02777e1,fe5642b5622289f8fca2e9f6994f6ad38d1054e82694114648b30aec06915a81,620ea1dc1e443dc6c238317463dc64ab3a9ae05fb592743f3a7d67d7ce17262c,d164ad5aa2ce5cddc59b090809ccdf258a142a0ebe45712102a4c410fef64b5d,full static then full fixed subset each step,d0105bb0ec4c63bc38fb023a940b4e40658705afddd762e92bfeb20f51d6669f,147514,1534,613800
N_sixdist_s47_f0_lr0.01,N,sixdist,47,0,0.01,2.116995096206665,0.0,3.910764280590229e-05,300,2192aa9c50b4703e2befacdb7d57b1f8324a81de5d84b983837ca82003f4a7d5,46bb2febdd8bf65b1ddd157d92d8edc40e6fbdfd5b05b4aaac5eeeb6ba02a2fa,620ea1dc1e443dc6c238317463dc64ab3a9ae05fb592743f3a7d67d7ce17262c,d164ad5aa2ce5cddc59b090809ccdf258a142a0ebe45712102a4c410fef64b5d,full static then full fixed subset each step,d0105bb0ec4c63bc38fb023a940b4e40658705afddd762e92bfeb20f51d6669f,147514,0,153600
N_sixdist_s47_f0_lr0.003,N,sixdist,47,0,0.003,1.6773730516433716,0.0,0.00018470259965397418,300,2192aa9c50b4703e2befacdb7d57b1f8324a81de5d84b983837ca82003f4a7d5,dd67f5f6e00807a9a687af9c5fa92e7718510a3b89f2b98bcfbd80ca09c7d36d,620ea1dc1e443dc6c238317463dc64ab3a9ae05fb592743f3a7d67d7ce17262c,d164ad5aa2ce5cddc59b090809ccdf258a142a0ebe45712102a4c410fef64b5d,full static then full fixed subset each step,d0105bb0ec4c63bc38fb023a940b4e40658705afddd762e92bfeb20f51d6669f,147514,0,153600
N_sixdist_s47_f0_lr0.001,N,sixdist,47,0,0.001,1.0430783033370972,0.0,0.002161643235012889,300,2192aa9c50b4703e2befacdb7d57b1f8324a81de5d84b983837ca82003f4a7d5,1796cacec0ae2d0554634d186e598046e97d45c9f839739bda371a9f5d01aa7e,620ea1dc1e443dc6c238317463dc64ab3a9ae05fb592743f3a7d67d7ce17262c,d164ad5aa2ce5cddc59b090809ccdf258a142a0ebe45712102a4c410fef64b5d,full static then full fixed subset each step,d0105bb0ec4c63bc38fb023a940b4e40658705afddd762e92bfeb20f51d6669f,147514,0,153600
N_sixdist_s47_f25_lr0.01,N,sixdist,47,25,0.01,0.3655988872051239,0.013671875,0.044932976365089417,300,2192aa9c50b4703e2befacdb7d57b1f8324a81de5d84b983837ca82003f4a7d5,0539482814e9b2901ecf6ee1a66ce4b00888568c07f21cda8c555c7bfaca24e6,620ea1dc1e443dc6c238317463dc64ab3a9ae05fb592743f3a7d67d7ce17262c,d164ad5aa2ce5cddc59b090809ccdf258a142a0ebe45712102a4c410fef64b5d,full static then full fixed subset each step,34e1b85e0643f1557ed5cc018059864ece0856d516e48a7cfdac3bd4ec1e2340,147514,383,268500
N_sixdist_s47_f25_lr0.003,N,sixdist,47,25,0.003,0.2962369918823242,0.005859375,0.023388709872961044,300,2192aa9c50b4703e2befacdb7d57b1f8324a81de5d84b983837ca82003f4a7d5,9255f7b03895e6f23296f4e56a1f99853611f63855318d22cf9d62bb38008380,620ea1dc1e443dc6c238317463dc64ab3a9ae05fb592743f3a7d67d7ce17262c,d164ad5aa2ce5cddc59b090809ccdf258a142a0ebe45712102a4c410fef64b5d,full static then full fixed subset each step,34e1b85e0643f1557ed5cc018059864ece0856d516e48a7cfdac3bd4ec1e2340,147514,383,268500
N_sixdist_s47_f25_lr0.001,N,sixdist,47,25,0.001,0.16509214043617249,0.0078125,0.032267846167087555,300,2192aa9c50b4703e2befacdb7d57b1f8324a81de5d84b983837ca82003f4a7d5,9f2ecb569def102a682797485b1264ca804d551566bd724df880ffbbdc8f27cb,620ea1dc1e443dc6c238317463dc64ab3a9ae05fb592743f3a7d67d7ce17262c,d164ad5aa2ce5cddc59b090809ccdf258a142a0ebe45712102a4c410fef64b5d,full static then full fixed subset each step,34e1b85e0643f1557ed5cc018059864ece0856d516e48a7cfdac3bd4ec1e2340,147514,383,268500
N_sixdist_s47_f100_lr0.01,N,sixdist,47,100,0.01,0.2752833962440491,0.00390625,0.015780922025442123,300,2192aa9c50b4703e2befacdb7d57b1f8324a81de5d84b983837ca82003f4a7d5,caa7bff271973df273018edca08032ba8a5b4c9ed16af6a49812a031798d1ac9,620ea1dc1e443dc6c238317463dc64ab3a9ae05fb592743f3a7d67d7ce17262c,d164ad5aa2ce5cddc59b090809ccdf258a142a0ebe45712102a4c410fef64b5d,full static then full fixed subset each step,d0105bb0ec4c63bc38fb023a940b4e40658705afddd762e92bfeb20f51d6669f,147514,1534,613800
N_sixdist_s47_f100_lr0.003,N,sixdist,47,100,0.003,0.17054544389247894,0.001953125,0.018045980483293533,300,2192aa9c50b4703e2befacdb7d57b1f8324a81de5d84b983837ca82003f4a7d5,924853c2efa8c619ffd2b31f5395e16310a65676d175c7f84a0b87610cd44b52,620ea1dc1e443dc6c238317463dc64ab3a9ae05fb592743f3a7d67d7ce17262c,d164ad5aa2ce5cddc59b090809ccdf258a142a0ebe45712102a4c410fef64b5d,full static then full fixed subset each step,d0105bb0ec4c63bc38fb023a940b4e40658705afddd762e92bfeb20f51d6669f,147514,1534,613800
N_sixdist_s47_f100_lr0.001,N,sixdist,47,100,0.001,0.11646056920289993,0.00390625,0.04500999301671982,300,2192aa9c50b4703e2befacdb7d57b1f8324a81de5d84b983837ca82003f4a7d5,9803902d1043807c2b6c3810e8c3a526e870a6e2c7c7577203e33bef12282195,620ea1dc1e443dc6c238317463dc64ab3a9ae05fb592743f3a7d67d7ce17262c,d164ad5aa2ce5cddc59b090809ccdf258a142a0ebe45712102a4c410fef64b5d,full static then full fixed subset each step,d0105bb0ec4c63bc38fb023a940b4e40658705afddd762e92bfeb20f51d6669f,147514,1534,613800
4N_raw_s11_f0_lr0.01,4N,raw,11,0,0.01,2.6833293437957764,0.0,0.00027323118411004543,300,45f0970d66d12ea2a87bb314274f37c64363479805baad44c291ee6abef9b799,bc2a6056d3ea140eedcc87203c08d0b9ae1aa7cc054b773b6b0cfc659fd0602a,ae12d7d2443203214d1a1b6e6c0a259704d5a2a78dd3372c3eba05c56b325c96,3d41204b1e9c664522378aa87f6359809137464d8693f339bb080d14d9c77140,full static then full fixed subset each step,f3c609cc219ef0176f9d8fe43363365c83f2ecb0557d587494cf5c93beccbbcc,587320,0,614400
4N_raw_s11_f0_lr0.003,4N,raw,11,0,0.003,2.3786633014678955,0.0,0.0012604780495166779,300,45f0970d66d12ea2a87bb314274f37c64363479805baad44c291ee6abef9b799,580fee3c29ee8fdba618d30b42a1a60ca14bd91684a87699e10c21a514cff229,ae12d7d2443203214d1a1b6e6c0a259704d5a2a78dd3372c3eba05c56b325c96,3d41204b1e9c664522378aa87f6359809137464d8693f339bb080d14d9c77140,full static then full fixed subset each step,f3c609cc219ef0176f9d8fe43363365c83f2ecb0557d587494cf5c93beccbbcc,587320,0,614400
4N_raw_s11_f0_lr0.001,4N,raw,11,0,0.001,1.7019684314727783,0.0,0.016854990273714066,300,45f0970d66d12ea2a87bb314274f37c64363479805baad44c291ee6abef9b799,c9db3d4162aeb7e2f651e4d829d4b2b3a798097e7c0fa2843106d53ff3048a14,ae12d7d2443203214d1a1b6e6c0a259704d5a2a78dd3372c3eba05c56b325c96,3d41204b1e9c664522378aa87f6359809137464d8693f339bb080d14d9c77140,full static then full fixed subset each step,f3c609cc219ef0176f9d8fe43363365c83f2ecb0557d587494cf5c93beccbbcc,587320,0,614400
4N_raw_s11_f25_lr0.01,4N,raw,11,25,0.01,0.6530003547668457,0.0,0.0031752982176840305,300,45f0970d66d12ea2a87bb314274f37c64363479805baad44c291ee6abef9b799,7693a9e416d71941a518cf8fd6bc46c30ea4813df388f37381d009fcbaa137bb,ae12d7d2443203214d1a1b6e6c0a259704d5a2a78dd3372c3eba05c56b325c96,3d41204b1e9c664522378aa87f6359809137464d8693f339bb080d14d9c77140,full static then full fixed subset each step,39ab3279dbf5ea458e711b8146322771983f4d69a38e62ea3987416407344496,587320,1597,1093500
4N_raw_s11_f25_lr0.003,4N,raw,11,25,0.003,0.6427560448646545,0.009765625,0.07916409522294998,300,45f0970d66d12ea2a87bb314274f37c64363479805baad44c291ee6abef9b799,31bb0d1746e6e7a260ab86019f2f583cd6307adcabbd6cd0b0fe6e5688608f6d,ae12d7d2443203214d1a1b6e6c0a259704d5a2a78dd3372c3eba05c56b325c96,3d41204b1e9c664522378aa87f6359809137464d8693f339bb080d14d9c77140,full static then full fixed subset each step,39ab3279dbf5ea458e711b8146322771983f4d69a38e62ea3987416407344496,587320,1597,1093500
4N_raw_s11_f25_lr0.001,4N,raw,11,25,0.001,0.45017239451408386,0.0693359375,0.3066573143005371,300,45f0970d66d12ea2a87bb314274f37c64363479805baad44c291ee6abef9b799,637599aefb3978a901f37145a752725c17509dd7563ce086838258724d22fe79,ae12d7d2443203214d1a1b6e6c0a259704d5a2a78dd3372c3eba05c56b325c96,3d41204b1e9c664522378aa87f6359809137464d8693f339bb080d14d9c77140,full static then full fixed subset each step,39ab3279dbf5ea458e711b8146322771983f4d69a38e62ea3987416407344496,587320,1597,1093500
4N_raw_s11_f100_lr0.01,4N,raw,11,100,0.01,0.6948674321174622,0.0,0.004984726198017597,300,45f0970d66d12ea2a87bb314274f37c64363479805baad44c291ee6abef9b799,4337b02eb162aa4e2e0d7e0e416b3c403a355f5fff41ff953d293f6a4ad8585e,ae12d7d2443203214d1a1b6e6c0a259704d5a2a78dd3372c3eba05c56b325c96,3d41204b1e9c664522378aa87f6359809137464d8693f339bb080d14d9c77140,full static then full fixed subset each step,f3c609cc219ef0176f9d8fe43363365c83f2ecb0557d587494cf5c93beccbbcc,587320,6390,2531400
4N_raw_s11_f100_lr0.003,4N,raw,11,100,0.003,0.3420770764350891,0.0009765625,0.055403612554073334,300,45f0970d66d12ea2a87bb314274f37c64363479805baad44c291ee6abef9b799,87e2c3e1660152d14ee0d1f36fdd4b62aa0067aa591fd4cceb6983b1586cce7a,ae12d7d2443203214d1a1b6e6c0a259704d5a2a78dd3372c3eba05c56b325c96,3d41204b1e9c664522378aa87f6359809137464d8693f339bb080d14d9c77140,full static then full fixed subset each step,f3c609cc219ef0176f9d8fe43363365c83f2ecb0557d587494cf5c93beccbbcc,587320,6390,2531400
4N_raw_s11_f100_lr0.001,4N,raw,11,100,0.001,0.41436344385147095,0.06591796875,0.36018580198287964,300,45f0970d66d12ea2a87bb314274f37c64363479805baad44c291ee6abef9b799,9b9529a860a736fde8ee7cbcf35b207145d91b80deea650a50b146155e57f8a3,ae12d7d2443203214d1a1b6e6c0a259704d5a2a78dd3372c3eba05c56b325c96,3d41204b1e9c664522378aa87f6359809137464d8693f339bb080d14d9c77140,full static then full fixed subset each step,f3c609cc219ef0176f9d8fe43363365c83f2ecb0557d587494cf5c93beccbbcc,587320,6390,2531400
4N_raw_s23_f0_lr0.01,4N,raw,23,0,0.01,2.7996444702148438,0.0,0.00028556285542435944,300,d4f3eb242038f46edad5375e40bd669373e3c068e3da28d585a16dc4f551789c,7e10235d401af4f969f5b478a181b439ec75a1f69c08e1206f58cde4a630e848,ae12d7d2443203214d1a1b6e6c0a259704d5a2a78dd3372c3eba05c56b325c96,3d41204b1e9c664522378aa87f6359809137464d8693f339bb080d14d9c77140,full static then full fixed subset each step,f3c609cc219ef0176f9d8fe43363365c83f2ecb0557d587494cf5c93beccbbcc,587320,0,614400
4N_raw_s23_f0_lr0.003,4N,raw,23,0,0.003,2.3236351013183594,0.0,0.0010690059280022979,300,d4f3eb242038f46edad5375e40bd669373e3c068e3da28d585a16dc4f551789c,2b372fd9551a33d8eec44cbba49deaf0b2c3eace51c0c938e53b5c8580848372,ae12d7d2443203214d1a1b6e6c0a259704d5a2a78dd3372c3eba05c56b325c96,3d41204b1e9c664522378aa87f6359809137464d8693f339bb080d14d9c77140,full static then full fixed subset each step,f3c609cc219ef0176f9d8fe43363365c83f2ecb0557d587494cf5c93beccbbcc,587320,0,614400
4N_raw_s23_f0_lr0.001,4N,raw,23,0,0.001,1.5096216201782227,0.00048828125,0.02016855776309967,300,d4f3eb242038f46edad5375e40bd669373e3c068e3da28d585a16dc4f551789c,5e412baaa73374261020dfb422a151c8ef7b25c6c11345f42fdb872ff35d53a6,ae12d7d2443203214d1a1b6e6c0a259704d5a2a78dd3372c3eba05c56b325c96,3d41204b1e9c664522378aa87f6359809137464d8693f339bb080d14d9c77140,full static then full fixed subset each step,f3c609cc219ef0176f9d8fe43363365c83f2ecb0557d587494cf5c93beccbbcc,587320,0,614400
4N_raw_s23_f25_lr0.01,4N,raw,23,25,0.01,1.1736866235733032,0.0,0.006135675590485334,300,d4f3eb242038f46edad5375e40bd669373e3c068e3da28d585a16dc4f551789c,33993ac0fa1ad47c376996d6c305f765f302cccd6734622efee3bb2a1a617480,ae12d7d2443203214d1a1b6e6c0a259704d5a2a78dd3372c3eba05c56b325c96,3d41204b1e9c664522378aa87f6359809137464d8693f339bb080d14d9c77140,full static then full fixed subset each step,39ab3279dbf5ea458e711b8146322771983f4d69a38e62ea3987416407344496,587320,1597,1093500
4N_raw_s23_f25_lr0.003,4N,raw,23,25,0.003,0.8154241442680359,0.00634765625,0.06927238404750824,300,d4f3eb242038f46edad5375e40bd669373e3c068e3da28d585a16dc4f551789c,6066e2ba9b631752981cec8005b53669d89d8cdbf9401a04817d7bb96188287f,ae12d7d2443203214d1a1b6e6c0a259704d5a2a78dd3372c3eba05c56b325c96,3d41204b1e9c664522378aa87f6359809137464d8693f339bb080d14d9c77140,full static then full fixed subset each step,39ab3279dbf5ea458e711b8146322771983f4d69a38e62ea3987416407344496,587320,1597,1093500
4N_raw_s23_f25_lr0.001,4N,raw,23,25,0.001,0.5441122055053711,0.05859375,0.29408904910087585,300,d4f3eb242038f46edad5375e40bd669373e3c068e3da28d585a16dc4f551789c,81d79c7d904987c9b03740e3ec4f7df8a489a166db7ea84e339731aa07ea0bce,ae12d7d2443203214d1a1b6e6c0a259704d5a2a78dd3372c3eba05c56b325c96,3d41204b1e9c664522378aa87f6359809137464d8693f339bb080d14d9c77140,full static then full fixed subset each step,39ab3279dbf5ea458e711b8146322771983f4d69a38e62ea3987416407344496,587320,1597,1093500
4N_raw_s23_f100_lr0.01,4N,raw,23,100,0.01,0.4247124195098877,0.0009765625,0.05337996035814285,300,d4f3eb242038f46edad5375e40bd669373e3c068e3da28d585a16dc4f551789c,9b97bd25b896d945d215f1f619894e0cc5fd7ff83ba03bc7c37df76d26c51265,ae12d7d2443203214d1a1b6e6c0a259704d5a2a78dd3372c3eba05c56b325c96,3d41204b1e9c664522378aa87f6359809137464d8693f339bb080d14d9c77140,full static then full fixed subset each step,f3c609cc219ef0176f9d8fe43363365c83f2ecb0557d587494cf5c93beccbbcc,587320,6390,2531400
4N_raw_s23_f100_lr0.003,4N,raw,23,100,0.003,0.5103845000267029,0.001953125,0.07017593085765839,300,d4f3eb242038f46edad5375e40bd669373e3c068e3da28d585a16dc4f551789c,70364c1265da20b9bf31210a9f540e875271cff17f5de8b2efd3e54c44a6f8c4,ae12d7d2443203214d1a1b6e6c0a259704d5a2a78dd3372c3eba05c56b325c96,3d41204b1e9c664522378aa87f6359809137464d8693f339bb080d14d9c77140,full static then full fixed subset each step,f3c609cc219ef0176f9d8fe43363365c83f2ecb0557d587494cf5c93beccbbcc,587320,6390,2531400
4N_raw_s23_f100_lr0.001,4N,raw,23,100,0.001,0.41840827465057373,0.05615234375,0.342873215675354,300,d4f3eb242038f46edad5375e40bd669373e3c068e3da28d585a16dc4f551789c,3493331c786ae462767f34809307bea0bde5b9ca29d0aa1fa4d71ba886b666d7,ae12d7d2443203214d1a1b6e6c0a259704d5a2a78dd3372c3eba05c56b325c96,3d41204b1e9c664522378aa87f6359809137464d8693f339bb080d14d9c77140,full static then full fixed subset each step,f3c609cc219ef0176f9d8fe43363365c83f2ecb0557d587494cf5c93beccbbcc,587320,6390,2531400
4N_raw_s47_f0_lr0.01,4N,raw,47,0,0.01,2.532580852508545,0.0,0.0002926453889813274,300,67618814a1353128eaee8389ebe001e129a8b8759ef72b884c96950d7eac6197,7be7801fd935593be9c7cfe5bf70d133900c678829e1b0fd48cca1b789ebc989,ae12d7d2443203214d1a1b6e6c0a259704d5a2a78dd3372c3eba05c56b325c96,3d41204b1e9c664522378aa87f6359809137464d8693f339bb080d14d9c77140,full static then full fixed subset each step,f3c609cc219ef0176f9d8fe43363365c83f2ecb0557d587494cf5c93beccbbcc,587320,0,614400
4N_raw_s47_f0_lr0.003,4N,raw,47,0,0.003,1.937273621559143,0.0,0.001608495251275599,300,67618814a1353128eaee8389ebe001e129a8b8759ef72b884c96950d7eac6197,17910dd8f790e34f6a3ff7aaf619e3ac83a65aaeced5b726e94ae452ac563b89,ae12d7d2443203214d1a1b6e6c0a259704d5a2a78dd3372c3eba05c56b325c96,3d41204b1e9c664522378aa87f6359809137464d8693f339bb080d14d9c77140,full static then full fixed subset each step,f3c609cc219ef0176f9d8fe43363365c83f2ecb0557d587494cf5c93beccbbcc,587320,0,614400
4N_raw_s47_f0_lr0.001,4N,raw,47,0,0.001,1.3584648370742798,0.00048828125,0.015219444409012794,300,67618814a1353128eaee8389ebe001e129a8b8759ef72b884c96950d7eac6197,a2771f7662d36e10c65a86f812de79eacad9c02d8b065cd0047eed877ad7e9b9,ae12d7d2443203214d1a1b6e6c0a259704d5a2a78dd3372c3eba05c56b325c96,3d41204b1e9c664522378aa87f6359809137464d8693f339bb080d14d9c77140,full static then full fixed subset each step,f3c609cc219ef0176f9d8fe43363365c83f2ecb0557d587494cf5c93beccbbcc,587320,0,614400
4N_raw_s47_f25_lr0.01,4N,raw,47,25,0.01,1.6252856254577637,0.0,0.009405580349266529,300,67618814a1353128eaee8389ebe001e129a8b8759ef72b884c96950d7eac6197,fc1de69389516af06c14b6634af371a481e374d920626363dce8dce8d81d31ef,ae12d7d2443203214d1a1b6e6c0a259704d5a2a78dd3372c3eba05c56b325c96,3d41204b1e9c664522378aa87f6359809137464d8693f339bb080d14d9c77140,full static then full fixed subset each step,39ab3279dbf5ea458e711b8146322771983f4d69a38e62ea3987416407344496,587320,1597,1093500
4N_raw_s47_f25_lr0.003,4N,raw,47,25,0.003,0.7448638081550598,0.00537109375,0.06267527490854263,300,67618814a1353128eaee8389ebe001e129a8b8759ef72b884c96950d7eac6197,7a793290c1aec305b90e3cd5e294c92a7a6431f9f94cb601fd8cab4947f6176b,ae12d7d2443203214d1a1b6e6c0a259704d5a2a78dd3372c3eba05c56b325c96,3d41204b1e9c664522378aa87f6359809137464d8693f339bb080d14d9c77140,full static then full fixed subset each step,39ab3279dbf5ea458e711b8146322771983f4d69a38e62ea3987416407344496,587320,1597,1093500
4N_raw_s47_f25_lr0.001,4N,raw,47,25,0.001,0.5680718421936035,0.0634765625,0.2710762619972229,300,67618814a1353128eaee8389ebe001e129a8b8759ef72b884c96950d7eac6197,2582b3ae8a50df25c4f3466423fbfdfca136c34bead1615909cb8373c6baa05c,ae12d7d2443203214d1a1b6e6c0a259704d5a2a78dd3372c3eba05c56b325c96,3d41204b1e9c664522378aa87f6359809137464d8693f339bb080d14d9c77140,full static then full fixed subset each step,39ab3279dbf5ea458e711b8146322771983f4d69a38e62ea3987416407344496,587320,1597,1093500
4N_raw_s47_f100_lr0.01,4N,raw,47,100,0.01,0.37044331431388855,0.0009765625,0.06684703379869461,300,67618814a1353128eaee8389ebe001e129a8b8759ef72b884c96950d7eac6197,b3ada55999ab1ff2dcde556fcbe4f545e8f36d02f48c9235279c370226bcfd58,ae12d7d2443203214d1a1b6e6c0a259704d5a2a78dd3372c3eba05c56b325c96,3d41204b1e9c664522378aa87f6359809137464d8693f339bb080d14d9c77140,full static then full fixed subset each step,f3c609cc219ef0176f9d8fe43363365c83f2ecb0557d587494cf5c93beccbbcc,587320,6390,2531400
4N_raw_s47_f100_lr0.003,4N,raw,47,100,0.003,0.6239460706710815,0.0029296875,0.09300831705331802,300,67618814a1353128eaee8389ebe001e129a8b8759ef72b884c96950d7eac6197,221e6fe4ed0f1a91bcd7f5a71882480e74e3cd0056a6d3cdf0ee307bf341a26e,ae12d7d2443203214d1a1b6e6c0a259704d5a2a78dd3372c3eba05c56b325c96,3d41204b1e9c664522378aa87f6359809137464d8693f339bb080d14d9c77140,full static then full fixed subset each step,f3c609cc219ef0176f9d8fe43363365c83f2ecb0557d587494cf5c93beccbbcc,587320,6390,2531400
4N_raw_s47_f100_lr0.001,4N,raw,47,100,0.001,0.5201773643493652,0.05908203125,0.34937065839767456,300,67618814a1353128eaee8389ebe001e129a8b8759ef72b884c96950d7eac6197,764901812f04fb3885367154d831075aa01ec5bd2d1e6031450962c05a130dbc,ae12d7d2443203214d1a1b6e6c0a259704d5a2a78dd3372c3eba05c56b325c96,3d41204b1e9c664522378aa87f6359809137464d8693f339bb080d14d9c77140,full static then full fixed subset each step,f3c609cc219ef0176f9d8fe43363365c83f2ecb0557d587494cf5c93beccbbcc,587320,6390,2531400
4N_sixdist_s11_f0_lr0.01,4N,sixdist,11,0,0.01,0.6961652040481567,0.0,0.0002994324895553291,300,b8b08a112a09d75b8a4b709c41982240a8b56c7b62d2e80fb26b8db15466b4de,4a5fa232c92bbce3eb9c28acfdb79ce83d12554d79499b528777e329c97f1c3d,ae12d7d2443203214d1a1b6e6c0a259704d5a2a78dd3372c3eba05c56b325c96,3d41204b1e9c664522378aa87f6359809137464d8693f339bb080d14d9c77140,full static then full fixed subset each step,f3c609cc219ef0176f9d8fe43363365c83f2ecb0557d587494cf5c93beccbbcc,587320,0,614400
4N_sixdist_s11_f0_lr0.003,4N,sixdist,11,0,0.003,0.5455280542373657,0.0,0.000664596795104444,300,b8b08a112a09d75b8a4b709c41982240a8b56c7b62d2e80fb26b8db15466b4de,77a8a774aff87aca684e46639f7b07ba4bfc130af43bb6147f69b9073f3bcfa6,ae12d7d2443203214d1a1b6e6c0a259704d5a2a78dd3372c3eba05c56b325c96,3d41204b1e9c664522378aa87f6359809137464d8693f339bb080d14d9c77140,full static then full fixed subset each step,f3c609cc219ef0176f9d8fe43363365c83f2ecb0557d587494cf5c93beccbbcc,587320,0,614400
4N_sixdist_s11_f0_lr0.001,4N,sixdist,11,0,0.001,0.3395761251449585,0.0,0.007651741150766611,300,b8b08a112a09d75b8a4b709c41982240a8b56c7b62d2e80fb26b8db15466b4de,e20e3e18b8d05d67bcf3836116485431e034ee700d4daaeed0c3a221baf0018e,ae12d7d2443203214d1a1b6e6c0a259704d5a2a78dd3372c3eba05c56b325c96,3d41204b1e9c664522378aa87f6359809137464d8693f339bb080d14d9c77140,full static then full fixed subset each step,f3c609cc219ef0176f9d8fe43363365c83f2ecb0557d587494cf5c93beccbbcc,587320,0,614400
4N_sixdist_s11_f25_lr0.01,4N,sixdist,11,25,0.01,0.095511294901371,0.00244140625,0.028460100293159485,300,b8b08a112a09d75b8a4b709c41982240a8b56c7b62d2e80fb26b8db15466b4de,3b629f0db14da7d4a9b99d91432262915e5df95827a0355e53bcb18946517cb7,ae12d7d2443203214d1a1b6e6c0a259704d5a2a78dd3372c3eba05c56b325c96,3d41204b1e9c664522378aa87f6359809137464d8693f339bb080d14d9c77140,full static then full fixed subset each step,39ab3279dbf5ea458e711b8146322771983f4d69a38e62ea3987416407344496,587320,1597,1093500
4N_sixdist_s11_f25_lr0.003,4N,sixdist,11,25,0.003,0.06766494363546371,0.00048828125,0.01867634430527687,300,b8b08a112a09d75b8a4b709c41982240a8b56c7b62d2e80fb26b8db15466b4de,251489def8d05eb39ea13e7002474ddd7c12f4ac54dfe0e3cfbe1c1fb06a2093,ae12d7d2443203214d1a1b6e6c0a259704d5a2a78dd3372c3eba05c56b325c96,3d41204b1e9c664522378aa87f6359809137464d8693f339bb080d14d9c77140,full static then full fixed subset each step,39ab3279dbf5ea458e711b8146322771983f4d69a38e62ea3987416407344496,587320,1597,1093500
4N_sixdist_s11_f25_lr0.001,4N,sixdist,11,25,0.001,0.0690411850810051,0.00732421875,0.049895383417606354,300,b8b08a112a09d75b8a4b709c41982240a8b56c7b62d2e80fb26b8db15466b4de,be0fd0a045b39a1d72ccce82e46ec9fec973663e0c7e360030481b0e4fde552f,ae12d7d2443203214d1a1b6e6c0a259704d5a2a78dd3372c3eba05c56b325c96,3d41204b1e9c664522378aa87f6359809137464d8693f339bb080d14d9c77140,full static then full fixed subset each step,39ab3279dbf5ea458e711b8146322771983f4d69a38e62ea3987416407344496,587320,1597,1093500
4N_sixdist_s11_f100_lr0.01,4N,sixdist,11,100,0.01,0.03380776569247246,0.00146484375,0.02891569398343563,300,b8b08a112a09d75b8a4b709c41982240a8b56c7b62d2e80fb26b8db15466b4de,3f13b937617242cae93398fb2f03788f85cdf93baadb5baf43b85c599ffbaaad,ae12d7d2443203214d1a1b6e6c0a259704d5a2a78dd3372c3eba05c56b325c96,3d41204b1e9c664522378aa87f6359809137464d8693f339bb080d14d9c77140,full static then full fixed subset each step,f3c609cc219ef0176f9d8fe43363365c83f2ecb0557d587494cf5c93beccbbcc,587320,6390,2531400
4N_sixdist_s11_f100_lr0.003,4N,sixdist,11,100,0.003,0.03962809219956398,0.00146484375,0.02851332724094391,300,b8b08a112a09d75b8a4b709c41982240a8b56c7b62d2e80fb26b8db15466b4de,ef3db9e2b9804205545faa730e3b11f31b6d9284b348a8a26a527c381f8c3347,ae12d7d2443203214d1a1b6e6c0a259704d5a2a78dd3372c3eba05c56b325c96,3d41204b1e9c664522378aa87f6359809137464d8693f339bb080d14d9c77140,full static then full fixed subset each step,f3c609cc219ef0176f9d8fe43363365c83f2ecb0557d587494cf5c93beccbbcc,587320,6390,2531400
4N_sixdist_s11_f100_lr0.001,4N,sixdist,11,100,0.001,0.0540945939719677,0.00439453125,0.06070050969719887,300,b8b08a112a09d75b8a4b709c41982240a8b56c7b62d2e80fb26b8db15466b4de,b8600ab73d18ae7f809e5ab6bcdbd2306ff6df687aeb0ff201fe14235311155e,ae12d7d2443203214d1a1b6e6c0a259704d5a2a78dd3372c3eba05c56b325c96,3d41204b1e9c664522378aa87f6359809137464d8693f339bb080d14d9c77140,full static then full fixed subset each step,f3c609cc219ef0176f9d8fe43363365c83f2ecb0557d587494cf5c93beccbbcc,587320,6390,2531400
4N_sixdist_s23_f0_lr0.01,4N,sixdist,23,0,0.01,0.7067642211914062,0.0,0.00020804614177905023,300,1bc0e4f626b5f870cb4499fd7b2a28e0e5b604ca7ea44b37a9a864cbd02777e1,38d1fdb015f2bf3fa23071a01f85b6d5a02aac71245795c24ff955280eff7faa,ae12d7d2443203214d1a1b6e6c0a259704d5a2a78dd3372c3eba05c56b325c96,3d41204b1e9c664522378aa87f6359809137464d8693f339bb080d14d9c77140,full static then full fixed subset each step,f3c609cc219ef0176f9d8fe43363365c83f2ecb0557d587494cf5c93beccbbcc,587320,0,614400
4N_sixdist_s23_f0_lr0.003,4N,sixdist,23,0,0.003,0.5208696722984314,0.0,0.0007170540047809482,300,1bc0e4f626b5f870cb4499fd7b2a28e0e5b604ca7ea44b37a9a864cbd02777e1,2ce7243690530e87f82968a4c90e0d238a9fd566db348ab0e8e13a75f9e8059e,ae12d7d2443203214d1a1b6e6c0a259704d5a2a78dd3372c3eba05c56b325c96,3d41204b1e9c664522378aa87f6359809137464d8693f339bb080d14d9c77140,full static then full fixed subset each step,f3c609cc219ef0176f9d8fe43363365c83f2ecb0557d587494cf5c93beccbbcc,587320,0,614400
4N_sixdist_s23_f0_lr0.001,4N,sixdist,23,0,0.001,0.3616545796394348,0.0,0.006891811266541481,300,1bc0e4f626b5f870cb4499fd7b2a28e0e5b604ca7ea44b37a9a864cbd02777e1,d1112661731950aa15cab27b46ee6061a598b225f5a7e2411dbde80a1c988127,ae12d7d2443203214d1a1b6e6c0a259704d5a2a78dd3372c3eba05c56b325c96,3d41204b1e9c664522378aa87f6359809137464d8693f339bb080d14d9c77140,full static then full fixed subset each step,f3c609cc219ef0176f9d8fe43363365c83f2ecb0557d587494cf5c93beccbbcc,587320,0,614400
4N_sixdist_s23_f25_lr0.01,4N,sixdist,23,25,0.01,0.045254018157720566,0.00146484375,0.021130187436938286,300,1bc0e4f626b5f870cb4499fd7b2a28e0e5b604ca7ea44b37a9a864cbd02777e1,232bbf3b4f62a4d0765ee5666347f31d8d78e388d1c4f2403b600d827b568468,ae12d7d2443203214d1a1b6e6c0a259704d5a2a78dd3372c3eba05c56b325c96,3d41204b1e9c664522378aa87f6359809137464d8693f339bb080d14d9c77140,full static then full fixed subset each step,39ab3279dbf5ea458e711b8146322771983f4d69a38e62ea3987416407344496,587320,1597,1093500
4N_sixdist_s23_f25_lr0.003,4N,sixdist,23,25,0.003,0.056062497198581696,0.00146484375,0.01750943437218666,300,1bc0e4f626b5f870cb4499fd7b2a28e0e5b604ca7ea44b37a9a864cbd02777e1,c3c8238aee135f7afa0e5a9b63151d1aa4288a2fd0c532d91d57457f20ad4dcd,ae12d7d2443203214d1a1b6e6c0a259704d5a2a78dd3372c3eba05c56b325c96,3d41204b1e9c664522378aa87f6359809137464d8693f339bb080d14d9c77140,full static then full fixed subset each step,39ab3279dbf5ea458e711b8146322771983f4d69a38e62ea3987416407344496,587320,1597,1093500
4N_sixdist_s23_f25_lr0.001,4N,sixdist,23,25,0.001,0.06694042682647705,0.00439453125,0.046068936586380005,300,1bc0e4f626b5f870cb4499fd7b2a28e0e5b604ca7ea44b37a9a864cbd02777e1,5955eeacef5f77fb1f6e326e99bc1d6366cb5fdbfec2ada40ed2cf4a2ceeae86,ae12d7d2443203214d1a1b6e6c0a259704d5a2a78dd3372c3eba05c56b325c96,3d41204b1e9c664522378aa87f6359809137464d8693f339bb080d14d9c77140,full static then full fixed subset each step,39ab3279dbf5ea458e711b8146322771983f4d69a38e62ea3987416407344496,587320,1597,1093500
4N_sixdist_s23_f100_lr0.01,4N,sixdist,23,100,0.01,0.032323822379112244,0.00244140625,0.040978219360113144,300,1bc0e4f626b5f870cb4499fd7b2a28e0e5b604ca7ea44b37a9a864cbd02777e1,45a94f0f447ba1a699ef45271c5e4c60526b22763503598b216f06fda3a4dade,ae12d7d2443203214d1a1b6e6c0a259704d5a2a78dd3372c3eba05c56b325c96,3d41204b1e9c664522378aa87f6359809137464d8693f339bb080d14d9c77140,full static then full fixed subset each step,f3c609cc219ef0176f9d8fe43363365c83f2ecb0557d587494cf5c93beccbbcc,587320,6390,2531400
4N_sixdist_s23_f100_lr0.003,4N,sixdist,23,100,0.003,0.031581342220306396,0.0009765625,0.02734123170375824,300,1bc0e4f626b5f870cb4499fd7b2a28e0e5b604ca7ea44b37a9a864cbd02777e1,debbcfc44c3220f62917529d58a2a26d58abeaeeb98239a5d98f188b4c005339,ae12d7d2443203214d1a1b6e6c0a259704d5a2a78dd3372c3eba05c56b325c96,3d41204b1e9c664522378aa87f6359809137464d8693f339bb080d14d9c77140,full static then full fixed subset each step,f3c609cc219ef0176f9d8fe43363365c83f2ecb0557d587494cf5c93beccbbcc,587320,6390,2531400
4N_sixdist_s23_f100_lr0.001,4N,sixdist,23,100,0.001,0.04560249298810959,0.00634765625,0.06782063841819763,300,1bc0e4f626b5f870cb4499fd7b2a28e0e5b604ca7ea44b37a9a864cbd02777e1,ac846eac2bae346ea057d8fe722ed0124161a948a1d764ee997b347e5071b759,ae12d7d2443203214d1a1b6e6c0a259704d5a2a78dd3372c3eba05c56b325c96,3d41204b1e9c664522378aa87f6359809137464d8693f339bb080d14d9c77140,full static then full fixed subset each step,f3c609cc219ef0176f9d8fe43363365c83f2ecb0557d587494cf5c93beccbbcc,587320,6390,2531400
4N_sixdist_s47_f0_lr0.01,4N,sixdist,47,0,0.01,0.49206000566482544,0.0,0.00023682555183768272,300,2192aa9c50b4703e2befacdb7d57b1f8324a81de5d84b983837ca82003f4a7d5,3943c9c1ea75b304da58b91d05c3165a1687becef210fe17fff1871e2f15ff15,ae12d7d2443203214d1a1b6e6c0a259704d5a2a78dd3372c3eba05c56b325c96,3d41204b1e9c664522378aa87f6359809137464d8693f339bb080d14d9c77140,full static then full fixed subset each step,f3c609cc219ef0176f9d8fe43363365c83f2ecb0557d587494cf5c93beccbbcc,587320,0,614400
4N_sixdist_s47_f0_lr0.003,4N,sixdist,47,0,0.003,0.3935660123825073,0.0,0.0009254434844478965,300,2192aa9c50b4703e2befacdb7d57b1f8324a81de5d84b983837ca82003f4a7d5,4bae9621659819100b164251c3752286186a705992c1768956fb4ffbe85c39a5,ae12d7d2443203214d1a1b6e6c0a259704d5a2a78dd3372c3eba05c56b325c96,3d41204b1e9c664522378aa87f6359809137464d8693f339bb080d14d9c77140,full static then full fixed subset each step,f3c609cc219ef0176f9d8fe43363365c83f2ecb0557d587494cf5c93beccbbcc,587320,0,614400
4N_sixdist_s47_f0_lr0.001,4N,sixdist,47,0,0.001,0.2904549837112427,0.0,0.00687207980081439,300,2192aa9c50b4703e2befacdb7d57b1f8324a81de5d84b983837ca82003f4a7d5,d768814e7df81603fe6afb1147835a82ac68debaea572ca9d4e9449ec21befb3,ae12d7d2443203214d1a1b6e6c0a259704d5a2a78dd3372c3eba05c56b325c96,3d41204b1e9c664522378aa87f6359809137464d8693f339bb080d14d9c77140,full static then full fixed subset each step,f3c609cc219ef0176f9d8fe43363365c83f2ecb0557d587494cf5c93beccbbcc,587320,0,614400
4N_sixdist_s47_f25_lr0.01,4N,sixdist,47,25,0.01,0.06385721266269684,0.0009765625,0.014032131060957909,300,2192aa9c50b4703e2befacdb7d57b1f8324a81de5d84b983837ca82003f4a7d5,6b84d0811df501b4d90ee6ee3dd57f03201727e53f6ab966b825801c35effccc,ae12d7d2443203214d1a1b6e6c0a259704d5a2a78dd3372c3eba05c56b325c96,3d41204b1e9c664522378aa87f6359809137464d8693f339bb080d14d9c77140,full static then full fixed subset each step,39ab3279dbf5ea458e711b8146322771983f4d69a38e62ea3987416407344496,587320,1597,1093500
4N_sixdist_s47_f25_lr0.003,4N,sixdist,47,25,0.003,0.07692254334688187,0.001953125,0.017498843371868134,300,2192aa9c50b4703e2befacdb7d57b1f8324a81de5d84b983837ca82003f4a7d5,f58fc0794e3bb01b8b97945431b8d361ffb860766797358df89135886fd3953a,ae12d7d2443203214d1a1b6e6c0a259704d5a2a78dd3372c3eba05c56b325c96,3d41204b1e9c664522378aa87f6359809137464d8693f339bb080d14d9c77140,full static then full fixed subset each step,39ab3279dbf5ea458e711b8146322771983f4d69a38e62ea3987416407344496,587320,1597,1093500
4N_sixdist_s47_f25_lr0.001,4N,sixdist,47,25,0.001,0.07726025581359863,0.005859375,0.053214602172374725,300,2192aa9c50b4703e2befacdb7d57b1f8324a81de5d84b983837ca82003f4a7d5,0903ef5c3e45e5809318815e959408925940195acb298667b2719fd58b603952,ae12d7d2443203214d1a1b6e6c0a259704d5a2a78dd3372c3eba05c56b325c96,3d41204b1e9c664522378aa87f6359809137464d8693f339bb080d14d9c77140,full static then full fixed subset each step,39ab3279dbf5ea458e711b8146322771983f4d69a38e62ea3987416407344496,587320,1597,1093500
4N_sixdist_s47_f100_lr0.01,4N,sixdist,47,100,0.01,0.054548393934965134,0.0078125,0.06964762508869171,300,2192aa9c50b4703e2befacdb7d57b1f8324a81de5d84b983837ca82003f4a7d5,eeeeeac12ed793f56e0af72ee82c9eea85b9029e65c52fbdc4391d5c91786725,ae12d7d2443203214d1a1b6e6c0a259704d5a2a78dd3372c3eba05c56b325c96,3d41204b1e9c664522378aa87f6359809137464d8693f339bb080d14d9c77140,full static then full fixed subset each step,f3c609cc219ef0176f9d8fe43363365c83f2ecb0557d587494cf5c93beccbbcc,587320,6390,2531400
4N_sixdist_s47_f100_lr0.003,4N,sixdist,47,100,0.003,0.04862888157367706,0.00146484375,0.03281495347619057,300,2192aa9c50b4703e2befacdb7d57b1f8324a81de5d84b983837ca82003f4a7d5,94f2b38fb6f4d7e6d74e082593b4db87002ad25a320caa134bb0b8a60ca445e2,ae12d7d2443203214d1a1b6e6c0a259704d5a2a78dd3372c3eba05c56b325c96,3d41204b1e9c664522378aa87f6359809137464d8693f339bb080d14d9c77140,full static then full fixed subset each step,f3c609cc219ef0176f9d8fe43363365c83f2ecb0557d587494cf5c93beccbbcc,587320,6390,2531400
4N_sixdist_s47_f100_lr0.001,4N,sixdist,47,100,0.001,0.053999338299036026,0.00390625,0.07157737016677856,300,2192aa9c50b4703e2befacdb7d57b1f8324a81de5d84b983837ca82003f4a7d5,d9ae69c700cb329f9769753d6d1a13b3597896ec590da2fa603e551d540ef36a,ae12d7d2443203214d1a1b6e6c0a259704d5a2a78dd3372c3eba05c56b325c96,3d41204b1e9c664522378aa87f6359809137464d8693f339bb080d14d9c77140,full static then full fixed subset each step,f3c609cc219ef0176f9d8fe43363365c83f2ecb0557d587494cf5c93beccbbcc,587320,6390,2531400
